Time,A1,A2,A3,A4,A5,A6,A7,A8,B1,B2,B3,B4,B5,B6,B7,B8,C1,C2,C3,C4,C5,C6,C7,C8,D1,D2,D3,D4,D5,D6,D7,D8,E1,E2,E3,E4,E5,E6,E7,E8,F1,F2,F3,F4,F5,F6,F7,F8
4.566666666666666,0.087,0.106,0.105,0.086,0.085,0.104,0.105,0.084,0.103,0.105,0.105,0.106,0.106,0.106,0.105,0.104,0.105,0.104,0.106,0.106,0.105,0.105,0.105,0.105,0.105,0.105,0.105,0.105,0.106,0.105,0.105,0.105,0.105,0.104,0.104,0.105,0.105,0.104,0.105,0.105,0.105,0.105,0.104,0.105,0.109,0.104,0.103,0.105
10.566666666666666,0.087,0.105,0.105,0.086,0.084,0.104,0.105,0.084,0.103,0.105,0.105,0.106,0.105,0.106,0.104,0.104,0.105,0.104,0.105,0.105,0.105,0.104,0.105,0.104,0.104,0.105,0.105,0.105,0.105,0.105,0.105,0.105,0.105,0.103,0.104,0.105,0.105,0.103,0.104,0.105,0.104,0.104,0.107,0.104,0.109,0.104,0.103,0.105
16.566666666666666,0.087,0.105,0.104,0.086,0.084,0.104,0.105,0.084,0.103,0.105,0.105,0.106,0.105,0.106,0.104,0.104,0.105,0.104,0.106,0.105,0.105,0.105,0.105,0.105,0.105,0.105,0.105,0.105,0.105,0.105,0.105,0.105,0.105,0.103,0.104,0.105,0.104,0.103,0.104,0.105,0.105,0.104,0.107,0.105,0.11,0.104,0.103,0.105
22.566666666666666,0.086,0.105,0.105,0.086,0.084,0.104,0.105,0.084,0.103,0.105,0.105,0.105,0.105,0.106,0.104,0.104,0.106,0.104,0.106,0.105,0.105,0.105,0.105,0.105,0.105,0.105,0.105,0.105,0.105,0.105,0.105,0.105,0.105,0.104,0.104,0.105,0.105,0.103,0.105,0.105,0.105,0.104,0.107,0.105,0.11,0.104,0.104,0.106
28.566666666666666,0.087,0.105,0.105,0.086,0.084,0.104,0.105,0.084,0.104,0.106,0.105,0.106,0.105,0.106,0.104,0.104,0.106,0.104,0.106,0.106,0.105,0.105,0.105,0.105,0.105,0.105,0.105,0.105,0.106,0.105,0.105,0.106,0.106,0.104,0.104,0.105,0.105,0.104,0.105,0.105,0.105,0.105,0.107,0.105,0.11,0.105,0.104,0.106
34.56666666666667,0.087,0.106,0.105,0.086,0.084,0.105,0.106,0.084,0.104,0.106,0.105,0.106,0.105,0.107,0.104,0.105,0.106,0.105,0.106,0.106,0.105,0.105,0.105,0.105,0.105,0.106,0.106,0.105,0.106,0.105,0.106,0.106,0.106,0.104,0.105,0.105,0.105,0.104,0.105,0.106,0.105,0.105,0.108,0.105,0.111,0.105,0.104,0.106
40.56666666666667,0.087,0.106,0.105,0.086,0.085,0.105,0.106,0.084,0.104,0.106,0.105,0.106,0.106,0.107,0.105,0.105,0.106,0.105,0.106,0.106,0.106,0.105,0.105,0.105,0.105,0.106,0.106,0.105,0.106,0.106,0.106,0.106,0.106,0.104,0.105,0.106,0.106,0.104,0.105,0.106,0.105,0.105,0.108,0.106,0.111,0.105,0.105,0.106
46.56666666666667,0.087,0.107,0.105,0.086,0.084,0.105,0.106,0.084,0.104,0.106,0.105,0.106,0.106,0.107,0.104,0.105,0.106,0.105,0.106,0.106,0.106,0.105,0.105,0.106,0.106,0.106,0.106,0.105,0.106,0.106,0.106,0.106,0.107,0.105,0.105,0.106,0.106,0.104,0.106,0.107,0.106,0.106,0.108,0.105,0.111,0.105,0.105,0.107
52.56666666666667,0.087,0.107,0.105,0.086,0.084,0.106,0.107,0.086,0.105,0.107,0.105,0.106,0.106,0.107,0.105,0.105,0.106,0.105,0.106,0.106,0.106,0.105,0.106,0.106,0.106,0.107,0.106,0.106,0.106,0.106,0.107,0.107,0.107,0.105,0.105,0.106,0.106,0.104,0.106,0.107,0.106,0.106,0.108,0.106,0.112,0.106,0.106,0.107
58.56666666666667,0.087,0.108,0.106,0.086,0.084,0.106,0.107,0.084,0.105,0.107,0.106,0.107,0.106,0.108,0.105,0.106,0.107,0.105,0.107,0.107,0.107,0.106,0.106,0.106,0.106,0.107,0.106,0.106,0.107,0.107,0.107,0.108,0.107,0.106,0.105,0.106,0.107,0.105,0.107,0.108,0.106,0.106,0.108,0.106,0.112,0.106,0.106,0.108
64.56666666666666,0.087,0.108,0.106,0.086,0.084,0.106,0.108,0.084,0.105,0.108,0.106,0.107,0.107,0.108,0.105,0.106,0.107,0.106,0.107,0.107,0.107,0.106,0.106,0.107,0.107,0.108,0.107,0.106,0.107,0.107,0.108,0.108,0.108,0.106,0.106,0.106,0.107,0.105,0.107,0.108,0.106,0.106,0.108,0.106,0.113,0.106,0.106,0.108
70.56666666666666,0.087,0.108,0.106,0.086,0.084,0.107,0.108,0.084,0.106,0.108,0.106,0.107,0.107,0.108,0.105,0.107,0.107,0.106,0.108,0.108,0.107,0.107,0.107,0.107,0.106,0.108,0.107,0.106,0.107,0.107,0.108,0.108,0.108,0.106,0.106,0.107,0.107,0.105,0.107,0.108,0.106,0.106,0.108,0.106,0.113,0.107,0.107,0.108
76.56666666666666,0.087,0.108,0.107,0.086,0.084,0.107,0.108,0.084,0.106,0.109,0.106,0.107,0.107,0.108,0.106,0.107,0.107,0.106,0.108,0.108,0.107,0.107,0.106,0.107,0.107,0.108,0.107,0.106,0.108,0.108,0.108,0.108,0.108,0.106,0.106,0.107,0.108,0.106,0.107,0.109,0.107,0.107,0.109,0.107,0.113,0.107,0.107,0.109
82.56666666666666,0.087,0.108,0.107,0.086,0.084,0.107,0.108,0.084,0.106,0.109,0.106,0.108,0.107,0.108,0.106,0.107,0.108,0.106,0.108,0.108,0.107,0.107,0.107,0.107,0.107,0.109,0.107,0.107,0.108,0.108,0.108,0.108,0.108,0.106,0.106,0.107,0.108,0.106,0.107,0.109,0.107,0.107,0.109,0.107,0.114,0.107,0.107,0.109
88.56666666666666,0.087,0.109,0.107,0.086,0.084,0.107,0.108,0.084,0.106,0.109,0.106,0.108,0.107,0.108,0.106,0.107,0.108,0.106,0.108,0.108,0.108,0.107,0.107,0.108,0.107,0.109,0.107,0.107,0.108,0.108,0.109,0.109,0.108,0.107,0.106,0.107,0.108,0.106,0.108,0.11,0.107,0.107,0.109,0.107,0.114,0.108,0.108,0.109
94.56666666666666,0.087,0.109,0.107,0.086,0.084,0.108,0.109,0.083,0.106,0.109,0.106,0.108,0.108,0.109,0.106,0.107,0.108,0.106,0.108,0.109,0.107,0.107,0.107,0.108,0.107,0.109,0.107,0.107,0.108,0.108,0.109,0.109,0.108,0.106,0.106,0.107,0.108,0.106,0.108,0.109,0.107,0.107,0.109,0.107,0.114,0.108,0.108,0.11
100.56666666666666,0.087,0.109,0.107,0.086,0.084,0.108,0.109,0.084,0.106,0.109,0.106,0.109,0.107,0.109,0.106,0.108,0.108,0.106,0.108,0.109,0.108,0.107,0.107,0.108,0.107,0.109,0.107,0.107,0.108,0.108,0.109,0.109,0.108,0.107,0.106,0.107,0.108,0.106,0.108,0.11,0.107,0.107,0.109,0.107,0.114,0.108,0.108,0.11
106.56666666666666,0.087,0.109,0.106,0.086,0.084,0.108,0.109,0.084,0.106,0.11,0.107,0.109,0.108,0.109,0.106,0.108,0.108,0.106,0.109,0.109,0.108,0.107,0.107,0.108,0.107,0.109,0.108,0.107,0.108,0.11,0.109,0.11,0.109,0.107,0.107,0.107,0.109,0.106,0.108,0.111,0.107,0.107,0.109,0.107,0.114,0.108,0.108,0.11
112.56666666666666,0.087,0.109,0.107,0.086,0.084,0.108,0.11,0.084,0.106,0.11,0.106,0.109,0.108,0.109,0.106,0.108,0.11,0.106,0.109,0.109,0.108,0.107,0.108,0.108,0.107,0.11,0.108,0.107,0.108,0.108,0.11,0.11,0.109,0.107,0.107,0.107,0.108,0.106,0.109,0.11,0.107,0.11,0.109,0.107,0.114,0.108,0.109,0.11
118.56666666666666,0.086,0.109,0.107,0.086,0.085,0.108,0.11,0.084,0.106,0.11,0.107,0.11,0.108,0.109,0.107,0.109,0.108,0.106,0.109,0.11,0.108,0.107,0.108,0.109,0.108,0.11,0.108,0.107,0.108,0.109,0.11,0.111,0.108,0.107,0.107,0.108,0.109,0.106,0.11,0.111,0.108,0.108,0.11,0.108,0.115,0.108,0.109,0.111
124.56666666666666,0.087,0.109,0.107,0.086,0.084,0.108,0.11,0.084,0.107,0.11,0.107,0.111,0.108,0.109,0.107,0.109,0.108,0.106,0.11,0.111,0.108,0.108,0.108,0.109,0.107,0.11,0.108,0.108,0.109,0.109,0.111,0.111,0.109,0.107,0.107,0.108,0.109,0.107,0.11,0.111,0.108,0.108,0.11,0.108,0.115,0.108,0.11,0.111
130.56666666666666,0.087,0.109,0.108,0.086,0.084,0.108,0.111,0.084,0.107,0.111,0.108,0.111,0.109,0.109,0.108,0.11,0.109,0.107,0.11,0.111,0.108,0.108,0.109,0.11,0.108,0.11,0.109,0.108,0.109,0.109,0.111,0.111,0.109,0.107,0.108,0.108,0.109,0.107,0.11,0.112,0.108,0.108,0.11,0.108,0.115,0.109,0.11,0.112
136.56666666666666,0.087,0.109,0.108,0.086,0.084,0.109,0.111,0.084,0.107,0.111,0.108,0.112,0.109,0.11,0.108,0.11,0.109,0.107,0.11,0.112,0.108,0.108,0.109,0.11,0.108,0.11,0.109,0.109,0.109,0.109,0.112,0.112,0.109,0.107,0.108,0.108,0.11,0.107,0.11,0.112,0.108,0.108,0.11,0.109,0.115,0.109,0.11,0.112
142.56666666666666,0.086,0.11,0.108,0.086,0.084,0.109,0.111,0.083,0.107,0.111,0.109,0.112,0.109,0.11,0.109,0.111,0.109,0.107,0.111,0.112,0.109,0.108,0.109,0.111,0.108,0.111,0.109,0.109,0.11,0.11,0.112,0.112,0.11,0.108,0.108,0.109,0.11,0.107,0.111,0.112,0.108,0.108,0.111,0.109,0.116,0.109,0.111,0.113
148.56666666666666,0.087,0.11,0.109,0.086,0.084,0.11,0.112,0.084,0.108,0.112,0.11,0.113,0.11,0.111,0.109,0.111,0.11,0.108,0.111,0.112,0.109,0.109,0.11,0.111,0.109,0.111,0.11,0.11,0.11,0.11,0.112,0.113,0.11,0.108,0.109,0.11,0.11,0.108,0.111,0.115,0.109,0.108,0.111,0.109,0.116,0.11,0.112,0.117
154.56666666666666,0.087,0.111,0.11,0.086,0.084,0.11,0.113,0.084,0.108,0.112,0.11,0.113,0.11,0.111,0.11,0.112,0.11,0.108,0.111,0.113,0.11,0.109,0.11,0.112,0.109,0.112,0.11,0.11,0.111,0.111,0.113,0.113,0.11,0.109,0.109,0.11,0.111,0.108,0.112,0.114,0.109,0.109,0.111,0.11,0.116,0.11,0.112,0.114
160.56666666666666,0.087,0.112,0.11,0.086,0.084,0.111,0.113,0.084,0.109,0.113,0.11,0.114,0.112,0.111,0.11,0.113,0.111,0.109,0.112,0.114,0.11,0.11,0.111,0.112,0.109,0.112,0.111,0.11,0.111,0.111,0.114,0.114,0.111,0.109,0.11,0.11,0.111,0.108,0.113,0.114,0.11,0.11,0.112,0.11,0.117,0.111,0.113,0.114
166.56666666666666,0.087,0.113,0.111,0.086,0.084,0.111,0.114,0.084,0.11,0.114,0.111,0.115,0.112,0.112,0.111,0.113,0.111,0.11,0.113,0.115,0.111,0.111,0.112,0.113,0.11,0.113,0.111,0.111,0.112,0.112,0.115,0.115,0.111,0.11,0.11,0.111,0.112,0.109,0.113,0.115,0.11,0.11,0.112,0.111,0.118,0.111,0.113,0.115
172.56666666666666,0.087,0.112,0.112,0.086,0.084,0.112,0.114,0.084,0.11,0.114,0.113,0.116,0.113,0.113,0.112,0.114,0.112,0.11,0.114,0.115,0.111,0.111,0.112,0.114,0.111,0.113,0.112,0.112,0.112,0.113,0.115,0.116,0.112,0.11,0.111,0.111,0.112,0.11,0.114,0.116,0.111,0.111,0.113,0.111,0.118,0.112,0.115,0.116
178.56666666666666,0.087,0.112,0.113,0.086,0.084,0.113,0.115,0.084,0.111,0.115,0.113,0.117,0.114,0.114,0.113,0.115,0.113,0.111,0.114,0.116,0.112,0.112,0.113,0.115,0.111,0.114,0.112,0.112,0.113,0.113,0.116,0.116,0.112,0.111,0.111,0.112,0.113,0.11,0.114,0.116,0.111,0.111,0.113,0.111,0.119,0.112,0.114,0.116
184.56666666666666,0.087,0.114,0.115,0.086,0.084,0.113,0.116,0.084,0.112,0.116,0.113,0.117,0.115,0.115,0.114,0.116,0.114,0.112,0.115,0.117,0.113,0.113,0.114,0.115,0.112,0.114,0.113,0.113,0.114,0.114,0.117,0.117,0.113,0.111,0.112,0.113,0.113,0.111,0.115,0.117,0.112,0.111,0.114,0.112,0.119,0.113,0.115,0.117
190.56666666666666,0.087,0.114,0.113,0.086,0.084,0.115,0.117,0.084,0.113,0.117,0.115,0.118,0.116,0.115,0.114,0.117,0.114,0.113,0.116,0.117,0.114,0.113,0.115,0.116,0.113,0.115,0.114,0.114,0.114,0.115,0.118,0.118,0.113,0.111,0.113,0.113,0.114,0.112,0.116,0.118,0.112,0.112,0.114,0.113,0.12,0.113,0.117,0.118
196.56666666666666,0.086,0.115,0.115,0.086,0.084,0.115,0.118,0.083,0.113,0.117,0.116,0.119,0.117,0.116,0.116,0.118,0.115,0.114,0.117,0.118,0.115,0.114,0.116,0.117,0.113,0.116,0.114,0.115,0.115,0.115,0.119,0.119,0.114,0.112,0.113,0.114,0.115,0.112,0.117,0.119,0.112,0.112,0.115,0.113,0.121,0.114,0.118,0.119
202.56666666666666,0.087,0.115,0.116,0.086,0.084,0.116,0.119,0.084,0.115,0.118,0.117,0.12,0.118,0.118,0.117,0.119,0.116,0.115,0.118,0.119,0.116,0.115,0.117,0.119,0.114,0.117,0.115,0.116,0.116,0.116,0.12,0.12,0.115,0.113,0.115,0.115,0.116,0.113,0.118,0.12,0.113,0.116,0.115,0.114,0.121,0.115,0.118,0.119
208.56666666666666,0.087,0.117,0.116,0.086,0.084,0.117,0.12,0.083,0.116,0.12,0.119,0.121,0.119,0.118,0.118,0.122,0.117,0.116,0.119,0.12,0.117,0.116,0.118,0.12,0.115,0.118,0.116,0.117,0.117,0.118,0.121,0.121,0.115,0.114,0.115,0.115,0.117,0.114,0.119,0.121,0.114,0.115,0.116,0.114,0.122,0.116,0.119,0.12
214.56666666666666,0.087,0.118,0.121,0.086,0.084,0.119,0.122,0.084,0.117,0.121,0.119,0.123,0.12,0.12,0.119,0.123,0.119,0.117,0.12,0.123,0.118,0.117,0.12,0.121,0.116,0.118,0.117,0.118,0.118,0.119,0.123,0.123,0.116,0.114,0.116,0.116,0.118,0.115,0.12,0.122,0.114,0.114,0.117,0.115,0.123,0.117,0.12,0.121
220.56666666666666,0.087,0.119,0.119,0.086,0.084,0.12,0.123,0.084,0.118,0.122,0.121,0.124,0.122,0.124,0.12,0.124,0.12,0.118,0.122,0.124,0.119,0.118,0.122,0.123,0.117,0.119,0.118,0.119,0.119,0.12,0.125,0.124,0.117,0.115,0.117,0.117,0.119,0.116,0.121,0.124,0.115,0.115,0.117,0.116,0.124,0.118,0.121,0.123
226.56666666666666,0.087,0.121,0.122,0.086,0.084,0.122,0.125,0.084,0.12,0.124,0.123,0.126,0.124,0.123,0.122,0.126,0.122,0.12,0.123,0.125,0.121,0.12,0.123,0.125,0.119,0.121,0.12,0.12,0.121,0.122,0.126,0.126,0.118,0.116,0.117,0.118,0.12,0.117,0.122,0.125,0.116,0.116,0.118,0.117,0.125,0.119,0.122,0.124
232.56666666666666,0.086,0.123,0.135,0.086,0.084,0.123,0.127,0.084,0.121,0.126,0.135,0.132,0.125,0.125,0.124,0.128,0.123,0.121,0.124,0.128,0.122,0.121,0.125,0.127,0.119,0.122,0.121,0.121,0.122,0.123,0.128,0.128,0.119,0.117,0.119,0.119,0.121,0.118,0.124,0.126,0.117,0.116,0.119,0.118,0.126,0.12,0.123,0.124
238.56666666666666,0.086,0.124,0.141,0.086,0.084,0.125,0.128,0.086,0.123,0.127,0.138,0.14,0.137,0.126,0.127,0.13,0.136,0.133,0.137,0.132,0.124,0.124,0.127,0.129,0.12,0.123,0.122,0.123,0.124,0.125,0.13,0.13,0.12,0.118,0.12,0.12,0.123,0.12,0.125,0.128,0.117,0.118,0.12,0.119,0.127,0.121,0.124,0.126
244.56666666666666,0.087,0.126,0.142,0.086,0.084,0.127,0.131,0.084,0.125,0.129,0.14,0.143,0.128,0.128,0.129,0.132,0.137,0.125,0.128,0.134,0.126,0.125,0.129,0.131,0.122,0.124,0.123,0.124,0.126,0.127,0.132,0.132,0.121,0.119,0.121,0.122,0.124,0.12,0.127,0.129,0.118,0.118,0.121,0.12,0.129,0.121,0.126,0.127
250.56666666666666,0.087,0.128,0.142,0.086,0.085,0.128,0.133,0.084,0.127,0.131,0.14,0.145,0.131,0.13,0.131,0.135,0.128,0.126,0.13,0.137,0.128,0.127,0.132,0.134,0.123,0.126,0.124,0.126,0.128,0.129,0.134,0.134,0.122,0.12,0.123,0.123,0.126,0.122,0.128,0.131,0.12,0.119,0.122,0.12,0.129,0.123,0.126,0.128
256.56666666666666,0.087,0.13,0.143,0.086,0.084,0.131,0.135,0.084,0.129,0.133,0.14,0.147,0.133,0.132,0.134,0.138,0.13,0.128,0.132,0.141,0.13,0.129,0.134,0.136,0.124,0.127,0.126,0.127,0.129,0.13,0.136,0.136,0.123,0.121,0.123,0.124,0.126,0.123,0.13,0.132,0.12,0.12,0.125,0.121,0.13,0.124,0.128,0.129
262.56666666666666,0.086,0.132,0.151,0.086,0.084,0.133,0.138,0.087,0.14,0.142,0.144,0.15,0.147,0.145,0.145,0.149,0.146,0.14,0.141,0.146,0.132,0.132,0.137,0.139,0.126,0.129,0.127,0.129,0.132,0.133,0.14,0.139,0.124,0.122,0.125,0.126,0.128,0.124,0.131,0.134,0.121,0.121,0.124,0.122,0.131,0.125,0.129,0.131
268.56666666666666,0.087,0.134,0.145,0.086,0.084,0.135,0.141,0.084,0.138,0.143,0.142,0.15,0.148,0.144,0.14,0.144,0.139,0.138,0.139,0.147,0.134,0.134,0.14,0.142,0.128,0.13,0.129,0.13,0.134,0.135,0.141,0.142,0.125,0.124,0.126,0.127,0.129,0.125,0.133,0.135,0.122,0.122,0.125,0.123,0.131,0.125,0.13,0.132
274.56666666666666,0.086,0.137,0.146,0.086,0.084,0.138,0.144,0.083,0.139,0.14,0.142,0.15,0.141,0.14,0.143,0.147,0.138,0.137,0.14,0.148,0.137,0.137,0.143,0.145,0.129,0.131,0.13,0.132,0.136,0.137,0.144,0.144,0.127,0.125,0.128,0.128,0.131,0.127,0.135,0.137,0.123,0.123,0.126,0.124,0.133,0.127,0.131,0.133
280.56666666666666,0.087,0.147,0.149,0.085,0.084,0.144,0.147,0.09,0.142,0.148,0.145,0.152,0.152,0.147,0.147,0.155,0.14,0.139,0.141,0.15,0.147,0.14,0.146,0.148,0.134,0.133,0.132,0.133,0.139,0.14,0.147,0.147,0.128,0.126,0.129,0.129,0.132,0.128,0.136,0.138,0.124,0.124,0.127,0.125,0.134,0.127,0.132,0.134
286.56666666666666,0.087,0.152,0.151,0.086,0.084,0.148,0.153,0.084,0.144,0.15,0.147,0.154,0.152,0.149,0.151,0.156,0.142,0.14,0.144,0.151,0.149,0.149,0.154,0.154,0.135,0.141,0.138,0.138,0.147,0.148,0.152,0.154,0.129,0.133,0.135,0.134,0.134,0.129,0.137,0.139,0.125,0.125,0.128,0.128,0.134,0.128,0.133,0.135
292.56666666666666,0.086,0.152,0.152,0.086,0.084,0.148,0.154,0.084,0.145,0.15,0.148,0.157,0.152,0.149,0.154,0.159,0.142,0.14,0.145,0.153,0.145,0.146,0.153,0.156,0.133,0.136,0.136,0.136,0.146,0.146,0.153,0.154,0.131,0.128,0.133,0.132,0.135,0.131,0.139,0.142,0.126,0.126,0.129,0.128,0.135,0.129,0.134,0.136
298.56666666666666,0.087,0.153,0.158,0.086,0.084,0.152,0.159,0.084,0.149,0.15,0.155,0.16,0.157,0.152,0.156,0.161,0.145,0.142,0.148,0.156,0.151,0.151,0.16,0.164,0.136,0.142,0.139,0.141,0.15,0.149,0.156,0.157,0.132,0.129,0.136,0.134,0.137,0.132,0.14,0.143,0.127,0.127,0.13,0.129,0.136,0.131,0.135,0.137
304.56666666666666,0.087,0.157,0.161,0.086,0.084,0.156,0.164,0.084,0.15,0.159,0.157,0.165,0.159,0.154,0.161,0.168,0.147,0.146,0.149,0.158,0.154,0.154,0.164,0.168,0.135,0.141,0.14,0.14,0.151,0.152,0.16,0.16,0.134,0.131,0.135,0.135,0.138,0.133,0.142,0.145,0.128,0.128,0.131,0.13,0.137,0.131,0.136,0.138
310.56666666666666,0.086,0.16,0.167,0.086,0.084,0.157,0.168,0.084,0.156,0.169,0.162,0.165,0.162,0.16,0.166,0.174,0.147,0.148,0.153,0.161,0.157,0.158,0.167,0.169,0.136,0.143,0.142,0.142,0.154,0.155,0.164,0.163,0.135,0.133,0.136,0.136,0.14,0.135,0.143,0.146,0.129,0.13,0.132,0.131,0.138,0.132,0.137,0.139
316.56666666666666,0.087,0.164,0.169,0.086,0.085,0.165,0.172,0.084,0.161,0.168,0.167,0.174,0.165,0.165,0.171,0.177,0.152,0.148,0.157,0.164,0.162,0.161,0.17,0.174,0.139,0.146,0.144,0.144,0.158,0.164,0.17,0.167,0.136,0.134,0.139,0.139,0.141,0.136,0.144,0.148,0.13,0.131,0.133,0.133,0.138,0.133,0.137,0.14
322.56666666666666,0.087,0.17,0.173,0.086,0.084,0.169,0.181,0.083,0.168,0.169,0.17,0.177,0.172,0.168,0.174,0.179,0.156,0.153,0.16,0.166,0.164,0.164,0.175,0.179,0.144,0.145,0.144,0.146,0.16,0.162,0.171,0.171,0.137,0.135,0.139,0.138,0.142,0.137,0.146,0.15,0.132,0.132,0.135,0.134,0.139,0.133,0.138,0.141
328.56666666666666,0.087,0.18,0.18,0.086,0.084,0.177,0.19,0.084,0.173,0.173,0.178,0.179,0.176,0.173,0.182,0.186,0.159,0.157,0.162,0.169,0.17,0.169,0.178,0.185,0.144,0.147,0.146,0.148,0.164,0.168,0.176,0.177,0.139,0.139,0.142,0.141,0.144,0.139,0.148,0.151,0.133,0.133,0.136,0.135,0.14,0.134,0.139,0.142
334.56666666666666,0.087,0.186,0.187,0.085,0.084,0.187,0.197,0.084,0.18,0.186,0.185,0.186,0.179,0.18,0.188,0.195,0.163,0.162,0.166,0.172,0.173,0.176,0.185,0.19,0.146,0.149,0.148,0.149,0.167,0.172,0.181,0.181,0.141,0.141,0.142,0.142,0.145,0.14,0.149,0.152,0.134,0.134,0.137,0.136,0.141,0.136,0.14,0.142
340.56666666666666,0.087,0.196,0.202,0.086,0.084,0.196,0.198,0.084,0.185,0.194,0.196,0.194,0.188,0.188,0.196,0.201,0.173,0.165,0.175,0.176,0.18,0.177,0.193,0.195,0.147,0.151,0.149,0.151,0.173,0.175,0.186,0.187,0.144,0.141,0.143,0.143,0.147,0.142,0.15,0.154,0.135,0.136,0.138,0.138,0.141,0.136,0.14,0.143
346.56666666666666,0.087,0.197,0.209,0.086,0.084,0.196,0.203,0.084,0.191,0.201,0.198,0.2,0.196,0.199,0.204,0.209,0.177,0.169,0.179,0.181,0.185,0.187,0.196,0.203,0.149,0.153,0.153,0.152,0.177,0.179,0.19,0.191,0.145,0.142,0.145,0.144,0.148,0.143,0.152,0.155,0.136,0.137,0.139,0.139,0.142,0.136,0.141,0.144
352.56666666666666,0.087,0.201,0.211,0.086,0.084,0.198,0.212,0.084,0.202,0.212,0.2,0.206,0.202,0.206,0.213,0.215,0.183,0.176,0.182,0.184,0.191,0.193,0.207,0.21,0.149,0.155,0.154,0.154,0.18,0.182,0.195,0.196,0.146,0.143,0.146,0.145,0.149,0.144,0.153,0.157,0.137,0.139,0.141,0.14,0.142,0.137,0.142,0.144
358.56666666666666,0.087,0.213,0.234,0.086,0.086,0.207,0.227,0.089,0.216,0.219,0.209,0.224,0.214,0.224,0.234,0.229,0.193,0.187,0.195,0.19,0.2,0.202,0.217,0.218,0.154,0.157,0.155,0.156,0.184,0.186,0.2,0.2,0.149,0.146,0.148,0.147,0.153,0.15,0.157,0.16,0.138,0.14,0.144,0.144,0.143,0.138,0.142,0.145
364.56666666666666,0.087,0.229,0.226,0.086,0.084,0.221,0.241,0.084,0.227,0.222,0.219,0.225,0.224,0.22,0.238,0.238,0.189,0.182,0.188,0.192,0.204,0.208,0.224,0.223,0.154,0.159,0.157,0.159,0.188,0.188,0.205,0.205,0.148,0.147,0.149,0.148,0.152,0.148,0.156,0.16,0.14,0.141,0.143,0.144,0.143,0.138,0.143,0.146
370.56666666666666,0.087,0.251,0.237,0.086,0.084,0.237,0.253,0.085,0.242,0.235,0.233,0.239,0.24,0.233,0.257,0.249,0.192,0.194,0.195,0.195,0.219,0.217,0.234,0.237,0.155,0.161,0.157,0.162,0.192,0.192,0.21,0.21,0.153,0.151,0.151,0.149,0.154,0.149,0.158,0.161,0.141,0.143,0.144,0.145,0.144,0.139,0.143,0.147
376.56666666666666,0.087,0.265,0.252,0.086,0.084,0.253,0.266,0.085,0.25,0.235,0.242,0.246,0.248,0.236,0.267,0.26,0.192,0.195,0.196,0.199,0.225,0.231,0.243,0.246,0.159,0.163,0.163,0.163,0.196,0.196,0.214,0.215,0.153,0.151,0.152,0.151,0.156,0.15,0.159,0.162,0.142,0.144,0.146,0.146,0.145,0.139,0.143,0.147
382.56666666666666,0.087,0.279,0.275,0.086,0.084,0.262,0.28,0.084,0.261,0.244,0.259,0.258,0.262,0.251,0.285,0.273,0.199,0.201,0.203,0.206,0.236,0.242,0.255,0.257,0.164,0.164,0.166,0.166,0.199,0.201,0.218,0.219,0.155,0.153,0.153,0.152,0.156,0.152,0.16,0.163,0.143,0.145,0.147,0.147,0.145,0.14,0.144,0.148
388.56666666666666,0.087,0.296,0.3,0.086,0.084,0.278,0.295,0.089,0.272,0.253,0.272,0.271,0.279,0.268,0.305,0.287,0.209,0.204,0.215,0.212,0.249,0.257,0.267,0.269,0.166,0.168,0.169,0.167,0.203,0.204,0.224,0.224,0.156,0.154,0.154,0.155,0.157,0.152,0.161,0.164,0.145,0.146,0.148,0.149,0.145,0.14,0.145,0.148
394.56666666666666,0.087,0.308,0.311,0.085,0.084,0.289,0.311,0.083,0.281,0.26,0.279,0.269,0.279,0.289,0.303,0.305,0.219,0.208,0.22,0.215,0.251,0.264,0.283,0.28,0.168,0.17,0.17,0.17,0.207,0.209,0.229,0.23,0.157,0.155,0.156,0.157,0.159,0.153,0.163,0.167,0.146,0.148,0.149,0.15,0.146,0.14,0.145,0.148
400.56666666666666,0.087,0.321,0.327,0.086,0.084,0.302,0.32,0.084,0.282,0.27,0.288,0.287,0.296,0.304,0.326,0.315,0.225,0.215,0.228,0.221,0.268,0.285,0.301,0.293,0.171,0.174,0.174,0.171,0.213,0.215,0.234,0.235,0.159,0.156,0.158,0.159,0.16,0.154,0.163,0.167,0.147,0.149,0.151,0.151,0.146,0.141,0.145,0.149
406.56666666666666,0.086,0.336,0.343,0.085,0.084,0.321,0.339,0.084,0.297,0.279,0.294,0.292,0.308,0.322,0.334,0.331,0.232,0.224,0.235,0.228,0.274,0.298,0.316,0.308,0.173,0.174,0.176,0.175,0.219,0.219,0.24,0.242,0.159,0.157,0.159,0.162,0.161,0.155,0.164,0.168,0.149,0.15,0.152,0.153,0.146,0.141,0.145,0.149
412.56666666666666,0.086,0.352,0.361,0.085,0.084,0.335,0.356,0.084,0.307,0.288,0.309,0.296,0.323,0.338,0.346,0.364,0.243,0.231,0.243,0.234,0.289,0.313,0.335,0.322,0.177,0.183,0.179,0.179,0.225,0.225,0.246,0.248,0.162,0.159,0.161,0.163,0.162,0.155,0.166,0.169,0.151,0.152,0.154,0.154,0.147,0.142,0.146,0.15
418.56666666666666,0.088,0.35,0.374,0.086,0.085,0.34,0.361,0.089,0.306,0.297,0.309,0.307,0.34,0.348,0.363,0.388,0.24,0.236,0.243,0.24,0.304,0.336,0.361,0.34,0.182,0.19,0.183,0.183,0.23,0.232,0.253,0.255,0.165,0.162,0.164,0.166,0.163,0.157,0.168,0.17,0.153,0.153,0.157,0.156,0.147,0.144,0.145,0.15
424.56666666666666,0.087,0.375,0.4,0.086,0.085,0.367,0.383,0.084,0.323,0.308,0.322,0.316,0.355,0.377,0.38,0.399,0.256,0.246,0.256,0.246,0.32,0.332,0.367,0.354,0.183,0.186,0.184,0.185,0.235,0.237,0.258,0.26,0.165,0.163,0.164,0.166,0.164,0.157,0.168,0.171,0.153,0.155,0.156,0.157,0.147,0.142,0.146,0.15
430.56666666666666,0.087,0.391,0.413,0.086,0.084,0.382,0.397,0.084,0.336,0.319,0.335,0.326,0.374,0.387,0.398,0.423,0.264,0.255,0.264,0.254,0.336,0.348,0.39,0.371,0.186,0.191,0.186,0.189,0.243,0.243,0.265,0.267,0.167,0.165,0.166,0.168,0.164,0.157,0.168,0.172,0.155,0.156,0.158,0.158,0.148,0.143,0.146,0.15
436.56666666666666,0.087,0.404,0.432,0.086,0.085,0.393,0.411,0.083,0.347,0.33,0.346,0.342,0.397,0.405,0.417,0.446,0.272,0.265,0.272,0.261,0.355,0.358,0.412,0.401,0.19,0.195,0.191,0.192,0.248,0.25,0.272,0.274,0.17,0.166,0.169,0.169,0.164,0.159,0.171,0.175,0.157,0.157,0.16,0.159,0.148,0.143,0.147,0.151
442.56666666666666,0.086,0.408,0.445,0.085,0.084,0.403,0.427,0.084,0.351,0.341,0.351,0.354,0.409,0.422,0.43,0.459,0.272,0.266,0.272,0.272,0.367,0.372,0.425,0.414,0.194,0.194,0.195,0.196,0.254,0.255,0.279,0.283,0.17,0.167,0.171,0.171,0.165,0.158,0.17,0.174,0.158,0.159,0.161,0.161,0.148,0.143,0.147,0.151
448.56666666666666,0.086,0.428,0.46,0.085,0.085,0.417,0.441,0.084,0.365,0.352,0.366,0.369,0.437,0.434,0.452,0.487,0.284,0.279,0.282,0.283,0.381,0.385,0.452,0.44,0.201,0.202,0.202,0.198,0.265,0.263,0.288,0.291,0.171,0.171,0.174,0.173,0.166,0.159,0.171,0.175,0.159,0.161,0.162,0.163,0.147,0.143,0.147,0.152
454.56666666666666,0.087,0.438,0.461,0.086,0.086,0.429,0.459,0.089,0.375,0.363,0.38,0.379,0.448,0.44,0.466,0.513,0.278,0.278,0.281,0.296,0.388,0.398,0.48,0.469,0.21,0.212,0.21,0.203,0.27,0.27,0.296,0.299,0.176,0.173,0.177,0.175,0.168,0.16,0.172,0.178,0.16,0.163,0.165,0.164,0.148,0.145,0.148,0.151
460.56666666666666,0.086,0.45,0.478,0.085,0.084,0.448,0.477,0.083,0.385,0.375,0.385,0.391,0.468,0.468,0.489,0.513,0.292,0.287,0.291,0.295,0.407,0.411,0.482,0.471,0.206,0.204,0.206,0.205,0.279,0.277,0.303,0.305,0.177,0.174,0.178,0.176,0.167,0.16,0.173,0.177,0.161,0.163,0.165,0.166,0.149,0.143,0.147,0.152
466.56666666666666,0.087,0.466,0.491,0.085,0.084,0.461,0.493,0.084,0.397,0.388,0.397,0.401,0.479,0.481,0.505,0.54,0.298,0.293,0.298,0.305,0.417,0.427,0.503,0.493,0.211,0.209,0.21,0.208,0.287,0.286,0.313,0.316,0.179,0.176,0.18,0.178,0.169,0.161,0.173,0.177,0.162,0.165,0.166,0.167,0.148,0.143,0.147,0.152
472.56666666666666,0.087,0.48,0.506,0.085,0.084,0.475,0.509,0.084,0.408,0.4,0.408,0.41,0.492,0.493,0.518,0.558,0.303,0.299,0.304,0.315,0.427,0.443,0.523,0.512,0.214,0.213,0.214,0.212,0.297,0.295,0.324,0.327,0.181,0.179,0.183,0.181,0.17,0.162,0.173,0.178,0.166,0.166,0.168,0.168,0.148,0.143,0.147,0.152
478.56666666666666,0.086,0.495,0.521,0.086,0.084,0.49,0.528,0.083,0.42,0.412,0.419,0.422,0.51,0.509,0.535,0.569,0.311,0.307,0.311,0.325,0.44,0.454,0.54,0.531,0.219,0.217,0.219,0.215,0.307,0.305,0.331,0.336,0.185,0.18,0.185,0.183,0.169,0.162,0.174,0.179,0.168,0.168,0.17,0.17,0.148,0.143,0.148,0.152
484.56666666666666,0.086,0.513,0.537,0.086,0.085,0.506,0.545,0.083,0.431,0.422,0.429,0.432,0.527,0.526,0.558,0.568,0.318,0.314,0.32,0.332,0.452,0.471,0.541,0.545,0.22,0.215,0.22,0.22,0.317,0.316,0.34,0.344,0.187,0.184,0.187,0.186,0.169,0.163,0.175,0.181,0.167,0.17,0.172,0.172,0.148,0.143,0.148,0.152
490.56666666666666,0.086,0.528,0.551,0.085,0.084,0.524,0.561,0.084,0.442,0.435,0.44,0.442,0.539,0.538,0.571,0.588,0.325,0.322,0.327,0.347,0.462,0.481,0.565,0.567,0.228,0.222,0.227,0.223,0.326,0.323,0.349,0.354,0.188,0.185,0.189,0.188,0.171,0.163,0.175,0.18,0.168,0.172,0.173,0.173,0.148,0.143,0.147,0.152
496.56666666666666,0.086,0.543,0.565,0.085,0.084,0.539,0.578,0.083,0.452,0.446,0.449,0.453,0.553,0.552,0.582,0.593,0.331,0.329,0.334,0.355,0.471,0.493,0.571,0.581,0.23,0.223,0.23,0.226,0.337,0.334,0.362,0.366,0.191,0.188,0.191,0.191,0.171,0.163,0.175,0.181,0.17,0.173,0.174,0.174,0.148,0.143,0.148,0.152
502.56666666666666,0.086,0.555,0.58,0.085,0.084,0.555,0.594,0.083,0.463,0.457,0.46,0.468,0.567,0.565,0.599,0.608,0.339,0.336,0.341,0.366,0.481,0.503,0.585,0.598,0.234,0.226,0.234,0.231,0.346,0.343,0.369,0.375,0.194,0.19,0.193,0.194,0.172,0.164,0.175,0.182,0.171,0.175,0.175,0.176,0.148,0.143,0.148,0.152
508.56666666666666,0.087,0.57,0.595,0.086,0.085,0.568,0.609,0.084,0.471,0.466,0.469,0.488,0.593,0.586,0.621,0.626,0.352,0.348,0.351,0.375,0.496,0.517,0.602,0.609,0.238,0.228,0.239,0.236,0.356,0.353,0.382,0.386,0.197,0.194,0.196,0.196,0.17,0.164,0.177,0.183,0.174,0.177,0.178,0.179,0.148,0.143,0.148,0.153
514.5666666666667,0.086,0.588,0.606,0.085,0.084,0.582,0.622,0.084,0.482,0.477,0.479,0.492,0.597,0.592,0.626,0.677,0.356,0.354,0.357,0.388,0.499,0.523,0.619,0.631,0.246,0.232,0.246,0.24,0.367,0.362,0.394,0.397,0.201,0.197,0.198,0.198,0.171,0.166,0.177,0.183,0.176,0.178,0.178,0.179,0.148,0.143,0.147,0.153
520.5666666666667,0.087,0.601,0.62,0.085,0.085,0.596,0.638,0.084,0.493,0.488,0.49,0.503,0.61,0.606,0.641,0.697,0.365,0.363,0.365,0.397,0.508,0.534,0.63,0.644,0.25,0.234,0.251,0.244,0.378,0.372,0.4,0.407,0.203,0.2,0.2,0.2,0.172,0.165,0.178,0.184,0.179,0.18,0.179,0.182,0.148,0.144,0.147,0.153
526.5666666666667,0.086,0.612,0.633,0.085,0.084,0.609,0.652,0.089,0.503,0.498,0.5,0.509,0.617,0.619,0.652,0.704,0.371,0.37,0.373,0.404,0.517,0.541,0.646,0.654,0.253,0.237,0.253,0.248,0.389,0.382,0.413,0.42,0.206,0.203,0.202,0.204,0.172,0.166,0.178,0.184,0.181,0.182,0.181,0.183,0.148,0.145,0.147,0.153
532.5666666666667,0.086,0.628,0.65,0.085,0.084,0.621,0.666,0.083,0.513,0.508,0.51,0.527,0.631,0.632,0.667,0.715,0.38,0.379,0.382,0.41,0.526,0.551,0.654,0.663,0.255,0.241,0.255,0.253,0.4,0.392,0.424,0.431,0.209,0.205,0.205,0.206,0.171,0.165,0.178,0.184,0.182,0.183,0.182,0.184,0.147,0.143,0.148,0.152
538.5666666666667,0.086,0.639,0.663,0.085,0.085,0.632,0.68,0.084,0.523,0.519,0.52,0.53,0.644,0.646,0.677,0.723,0.389,0.387,0.391,0.42,0.53,0.556,0.677,0.677,0.261,0.246,0.26,0.257,0.412,0.403,0.432,0.441,0.212,0.209,0.207,0.209,0.172,0.165,0.178,0.186,0.184,0.185,0.184,0.186,0.148,0.143,0.149,0.153
544.5666666666667,0.087,0.652,0.679,0.085,0.085,0.645,0.7,0.084,0.532,0.529,0.53,0.547,0.658,0.66,0.689,0.733,0.396,0.396,0.4,0.421,0.537,0.565,0.688,0.685,0.262,0.253,0.262,0.261,0.424,0.415,0.444,0.455,0.215,0.212,0.21,0.212,0.172,0.165,0.178,0.185,0.185,0.186,0.186,0.188,0.148,0.144,0.147,0.152
550.5666666666667,0.086,0.667,0.692,0.085,0.084,0.654,0.71,0.083,0.544,0.539,0.54,0.548,0.664,0.672,0.698,0.744,0.405,0.404,0.409,0.425,0.544,0.568,0.705,0.694,0.266,0.262,0.266,0.267,0.437,0.426,0.454,0.467,0.218,0.215,0.213,0.214,0.172,0.165,0.179,0.186,0.187,0.186,0.187,0.189,0.148,0.142,0.148,0.152
556.5666666666667,0.086,0.676,0.702,0.086,0.085,0.666,0.726,0.088,0.556,0.554,0.55,0.554,0.674,0.682,0.709,0.793,0.414,0.412,0.418,0.425,0.551,0.574,0.741,0.713,0.277,0.269,0.279,0.283,0.449,0.436,0.466,0.478,0.223,0.219,0.217,0.218,0.172,0.165,0.179,0.187,0.19,0.19,0.189,0.191,0.148,0.144,0.148,0.152
562.5666666666667,0.087,0.692,0.717,0.086,0.085,0.677,0.742,0.085,0.564,0.565,0.56,0.576,0.687,0.695,0.719,0.773,0.423,0.421,0.427,0.435,0.557,0.582,0.75,0.718,0.275,0.277,0.275,0.278,0.46,0.448,0.476,0.488,0.226,0.222,0.219,0.221,0.172,0.165,0.178,0.186,0.192,0.19,0.19,0.192,0.148,0.143,0.147,0.152
568.5666666666667,0.086,0.707,0.707,0.085,0.084,0.684,0.746,0.083,0.575,0.572,0.568,0.568,0.68,0.705,0.804,0.778,0.431,0.428,0.436,0.44,0.561,0.583,0.747,0.713,0.274,0.28,0.275,0.28,0.472,0.458,0.487,0.502,0.226,0.223,0.221,0.223,0.173,0.165,0.178,0.187,0.194,0.192,0.192,0.194,0.148,0.142,0.147,0.152
574.5666666666667,0.086,0.715,0.746,0.085,0.084,0.696,0.756,0.084,0.585,0.579,0.576,0.574,0.74,0.714,0.798,0.79,0.44,0.437,0.443,0.447,0.566,0.587,0.754,0.719,0.278,0.285,0.278,0.292,0.487,0.474,0.497,0.511,0.229,0.226,0.225,0.226,0.173,0.165,0.179,0.187,0.195,0.194,0.194,0.196,0.149,0.142,0.148,0.152
580.5666666666667,0.087,0.726,0.767,0.085,0.085,0.709,0.769,0.084,0.589,0.584,0.584,0.582,0.765,0.726,0.803,0.803,0.447,0.445,0.452,0.458,0.573,0.595,0.752,0.719,0.282,0.294,0.283,0.294,0.497,0.482,0.507,0.523,0.233,0.229,0.228,0.23,0.173,0.165,0.179,0.187,0.197,0.195,0.196,0.197,0.147,0.143,0.148,0.151
586.5666666666667,0.086,0.73,0.77,0.085,0.084,0.716,0.787,0.085,0.595,0.591,0.592,0.592,0.734,0.732,0.786,0.815,0.455,0.453,0.46,0.473,0.577,0.601,0.765,0.712,0.292,0.305,0.29,0.295,0.51,0.492,0.518,0.535,0.237,0.233,0.232,0.233,0.173,0.166,0.179,0.187,0.2,0.196,0.198,0.2,0.147,0.142,0.147,0.152
592.5666666666667,0.086,0.755,0.777,0.085,0.085,0.721,0.779,0.084,0.608,0.604,0.602,0.598,0.74,0.736,0.792,0.822,0.464,0.46,0.467,0.476,0.58,0.602,0.756,0.713,0.297,0.305,0.294,0.308,0.521,0.504,0.528,0.546,0.24,0.235,0.235,0.235,0.173,0.166,0.179,0.187,0.201,0.198,0.2,0.201,0.147,0.143,0.148,0.152
598.5666666666667,0.086,1.051,0.781,0.085,0.084,0.77,0.853,0.084,0.615,0.612,0.607,0.604,0.746,0.795,0.807,0.834,0.472,0.468,0.475,0.485,0.583,0.603,0.758,0.722,0.302,0.313,0.309,0.313,0.533,0.515,0.539,0.556,0.242,0.239,0.238,0.238,0.173,0.165,0.18,0.19,0.203,0.2,0.201,0.203,0.147,0.143,0.147,0.152
604.5666666666667,0.086,0.981,0.792,0.085,0.085,0.789,0.871,0.083,0.62,0.618,0.614,0.611,0.756,0.829,0.817,0.846,0.477,0.475,0.482,0.497,0.589,0.607,0.814,0.743,0.313,0.324,0.321,0.319,0.548,0.527,0.551,0.567,0.246,0.242,0.241,0.242,0.173,0.166,0.179,0.188,0.206,0.202,0.205,0.205,0.147,0.142,0.146,0.152
610.5666666666667,0.086,0.764,0.798,0.085,0.084,0.784,0.828,0.083,0.635,0.629,0.624,0.616,0.761,0.792,0.827,0.856,0.487,0.482,0.491,0.498,0.59,0.615,0.825,0.733,0.317,0.321,0.32,0.326,0.561,0.536,0.561,0.578,0.248,0.244,0.244,0.246,0.174,0.166,0.179,0.188,0.208,0.204,0.206,0.206,0.147,0.142,0.147,0.151
616.5666666666667,0.086,0.769,0.807,0.085,0.085,0.772,0.835,0.083,0.644,0.639,0.632,0.623,0.768,0.788,0.836,0.866,0.494,0.489,0.499,0.503,0.592,0.638,0.835,0.739,0.321,0.324,0.326,0.332,0.574,0.549,0.568,0.589,0.251,0.247,0.247,0.248,0.173,0.165,0.179,0.188,0.209,0.205,0.208,0.207,0.147,0.143,0.146,0.152
622.5666666666667,0.086,0.756,0.815,0.085,0.085,0.781,0.846,0.084,0.647,0.65,0.64,0.627,0.775,0.798,0.85,0.876,0.501,0.496,0.506,0.516,0.596,0.657,0.843,0.742,0.33,0.337,0.338,0.339,0.587,0.561,0.579,0.6,0.255,0.252,0.252,0.251,0.174,0.165,0.179,0.188,0.212,0.208,0.211,0.21,0.147,0.142,0.148,0.151
628.5666666666667,0.087,0.767,0.821,0.086,0.087,0.79,0.857,0.092,0.656,0.671,0.648,0.635,0.785,0.814,0.879,0.888,0.51,0.505,0.519,0.515,0.599,0.697,0.859,0.749,0.341,0.334,0.346,0.354,0.602,0.575,0.593,0.609,0.263,0.258,0.255,0.256,0.174,0.164,0.179,0.188,0.214,0.211,0.213,0.211,0.147,0.142,0.147,0.151
634.5666666666667,0.086,0.771,0.83,0.085,0.084,0.795,0.86,0.083,0.657,0.663,0.651,0.64,0.79,0.813,0.87,0.892,0.514,0.509,0.518,0.526,0.598,0.779,0.831,0.75,0.339,0.342,0.341,0.344,0.613,0.581,0.599,0.615,0.262,0.258,0.258,0.259,0.174,0.164,0.179,0.188,0.215,0.211,0.214,0.212,0.146,0.142,0.146,0.151
640.5666666666667,0.086,0.778,0.836,0.086,0.084,0.8,0.87,0.084,0.666,0.685,0.66,0.643,0.794,0.819,0.868,0.899,0.523,0.518,0.528,0.532,0.601,0.678,0.844,0.882,0.343,0.347,0.346,0.353,0.624,0.593,0.608,0.625,0.266,0.261,0.261,0.262,0.174,0.166,0.179,0.189,0.217,0.214,0.217,0.214,0.147,0.142,0.146,0.151
646.5666666666667,0.086,0.781,0.846,0.085,0.085,0.805,0.88,0.084,0.67,0.686,0.665,0.649,0.802,0.828,0.883,0.91,0.53,0.524,0.534,0.54,0.609,0.687,0.86,0.883,0.353,0.356,0.352,0.362,0.636,0.606,0.617,0.636,0.269,0.265,0.264,0.266,0.175,0.165,0.179,0.188,0.219,0.215,0.219,0.216,0.147,0.142,0.146,0.151
652.5666666666667,0.086,0.795,0.852,0.085,0.084,0.814,0.891,0.083,0.68,0.692,0.673,0.654,0.808,0.835,0.885,0.92,0.535,0.53,0.539,0.544,0.611,0.69,0.863,0.888,0.353,0.355,0.355,0.365,0.648,0.615,0.624,0.643,0.272,0.267,0.268,0.27,0.174,0.164,0.179,0.188,0.221,0.217,0.221,0.218,0.147,0.142,0.145,0.151
658.5666666666667,0.086,0.797,0.863,0.085,0.085,0.822,0.897,0.083,0.683,0.684,0.68,0.659,0.816,0.844,0.898,0.93,0.538,0.535,0.544,0.551,0.646,0.646,0.863,0.893,0.358,0.362,0.36,0.363,0.655,0.622,0.632,0.65,0.274,0.273,0.273,0.274,0.173,0.165,0.179,0.188,0.224,0.22,0.223,0.221,0.146,0.141,0.145,0.15
664.5666666666667,0.086,0.802,0.869,0.086,0.084,0.827,0.908,0.084,0.689,0.699,0.684,0.664,0.821,0.851,0.904,0.935,0.546,0.542,0.55,0.556,0.718,0.644,0.875,0.9,0.365,0.37,0.367,0.376,0.668,0.635,0.641,0.658,0.279,0.275,0.275,0.278,0.173,0.165,0.179,0.189,0.225,0.222,0.225,0.223,0.146,0.142,0.145,0.15
670.5666666666667,0.086,0.803,0.874,0.085,0.085,0.835,0.909,0.083,0.695,0.699,0.691,0.669,0.827,0.858,0.92,0.94,0.553,0.548,0.556,0.563,0.706,0.654,0.881,0.905,0.368,0.374,0.372,0.38,0.679,0.644,0.647,0.666,0.283,0.284,0.279,0.282,0.173,0.166,0.178,0.188,0.228,0.225,0.227,0.225,0.146,0.141,0.145,0.151
676.5666666666667,0.086,0.809,0.877,0.085,0.085,0.842,0.919,0.083,0.701,0.705,0.7,0.673,0.831,0.865,0.92,0.951,0.557,0.553,0.564,0.57,0.677,0.647,0.881,0.911,0.372,0.379,0.375,0.379,0.687,0.652,0.654,0.67,0.284,0.285,0.284,0.286,0.174,0.167,0.179,0.187,0.23,0.226,0.23,0.227,0.146,0.141,0.144,0.151
682.5666666666667,0.086,0.818,0.887,0.085,0.085,0.847,0.928,0.088,0.707,0.716,0.705,0.677,0.837,0.869,0.937,0.96,0.57,0.562,0.576,0.573,0.743,0.666,0.9,0.917,0.385,0.383,0.388,0.401,0.698,0.664,0.662,0.681,0.3,0.297,0.286,0.291,0.174,0.168,0.18,0.188,0.233,0.23,0.232,0.23,0.146,0.141,0.144,0.15
688.5666666666667,0.086,0.822,0.894,0.085,0.084,0.851,0.935,0.09,0.712,0.713,0.711,0.679,0.842,0.876,0.945,0.966,0.571,0.566,0.579,0.581,0.749,0.667,0.899,0.921,0.389,0.396,0.389,0.4,0.704,0.672,0.67,0.687,0.295,0.297,0.29,0.295,0.174,0.168,0.179,0.188,0.235,0.232,0.234,0.233,0.146,0.141,0.144,0.15
694.5666666666667,0.086,0.824,0.9,0.085,0.085,0.856,0.94,0.083,0.724,0.72,0.717,0.681,0.844,0.881,0.948,0.974,0.579,0.573,0.583,0.584,0.76,0.679,0.908,0.926,0.392,0.399,0.393,0.406,0.715,0.68,0.674,0.691,0.304,0.3,0.294,0.298,0.173,0.168,0.18,0.189,0.237,0.233,0.236,0.234,0.146,0.14,0.144,0.15
700.5666666666667,0.086,0.833,0.903,0.085,0.084,0.859,0.947,0.083,0.725,0.723,0.726,0.685,0.85,0.887,0.959,0.981,0.585,0.578,0.589,0.592,0.76,0.667,0.907,0.929,0.399,0.405,0.398,0.41,0.725,0.687,0.681,0.698,0.301,0.303,0.297,0.301,0.175,0.168,0.179,0.187,0.239,0.236,0.239,0.237,0.145,0.14,0.144,0.15
706.5666666666667,0.086,0.833,0.91,0.086,0.085,0.87,0.953,0.084,0.73,0.726,0.732,0.685,0.855,0.894,0.973,0.986,0.594,0.588,0.596,0.597,0.765,0.67,0.914,0.932,0.406,0.412,0.406,0.422,0.731,0.696,0.687,0.702,0.314,0.31,0.301,0.306,0.173,0.169,0.179,0.188,0.242,0.239,0.242,0.239,0.146,0.139,0.144,0.15
712.5666666666667,0.086,0.835,0.911,0.085,0.085,0.872,0.956,0.083,0.73,0.734,0.735,0.715,0.86,0.899,0.963,0.989,0.589,0.584,0.606,0.604,0.696,0.669,0.913,0.935,0.402,0.412,0.405,0.41,0.737,0.698,0.691,0.708,0.308,0.307,0.306,0.31,0.173,0.169,0.179,0.187,0.245,0.24,0.244,0.242,0.145,0.139,0.143,0.15
718.5666666666667,0.086,0.846,0.916,0.086,0.086,0.881,0.964,0.085,0.741,0.738,0.743,0.764,0.864,0.905,0.995,0.995,0.609,0.601,0.607,0.606,0.793,0.67,0.928,0.94,0.411,0.418,0.414,0.434,0.745,0.709,0.698,0.713,0.323,0.321,0.31,0.314,0.174,0.169,0.179,0.188,0.247,0.244,0.246,0.245,0.145,0.139,0.143,0.15
724.5666666666667,0.086,0.848,0.924,0.085,0.085,0.882,0.969,0.083,0.742,0.747,0.748,0.751,0.867,0.906,0.978,0.999,0.602,0.595,0.61,0.61,0.802,0.671,0.931,0.941,0.411,0.423,0.414,0.423,0.75,0.714,0.708,0.724,0.321,0.318,0.314,0.318,0.173,0.169,0.179,0.188,0.249,0.246,0.248,0.247,0.145,0.139,0.143,0.149
730.5666666666667,0.086,0.854,0.928,0.085,0.084,0.883,0.977,0.084,0.746,0.75,0.753,0.759,0.869,0.911,0.981,1.004,0.607,0.6,0.62,0.617,0.772,0.671,0.93,0.943,0.416,0.429,0.419,0.426,0.757,0.719,0.711,0.722,0.324,0.322,0.318,0.322,0.174,0.169,0.179,0.188,0.251,0.249,0.251,0.248,0.145,0.138,0.143,0.149
736.5666666666667,0.087,0.853,0.93,0.086,0.085,0.89,0.983,0.092,0.761,0.76,0.754,0.782,0.875,0.92,1.037,1.014,0.623,0.616,0.621,0.62,0.841,0.675,0.947,0.949,0.416,0.43,0.426,0.453,0.764,0.728,0.709,0.725,0.339,0.335,0.323,0.327,0.174,0.169,0.179,0.188,0.255,0.252,0.254,0.252,0.144,0.138,0.142,0.149
742.5666666666667,0.086,0.853,0.938,0.085,0.084,0.892,0.984,0.083,0.756,0.759,0.76,0.758,0.874,0.92,0.992,1.013,0.618,0.61,0.623,0.626,0.785,0.672,0.939,0.948,0.421,0.438,0.427,0.434,0.768,0.73,0.719,0.727,0.327,0.327,0.326,0.33,0.174,0.17,0.179,0.189,0.256,0.255,0.259,0.254,0.144,0.139,0.143,0.149
748.5666666666667,0.086,0.854,0.939,0.085,0.085,0.898,0.99,0.083,0.76,0.765,0.765,0.801,0.878,0.923,1.0,1.018,0.621,0.614,0.641,0.631,0.742,0.674,0.944,0.951,0.427,0.445,0.433,0.437,0.771,0.732,0.723,0.738,0.338,0.335,0.33,0.335,0.174,0.17,0.18,0.188,0.258,0.256,0.259,0.256,0.144,0.139,0.142,0.149
754.5666666666667,0.086,0.857,0.942,0.085,0.084,0.902,0.994,0.084,0.761,0.769,0.771,0.804,0.882,0.93,1.004,1.021,0.62,0.615,0.645,0.638,0.76,0.675,0.944,0.954,0.433,0.451,0.438,0.437,0.775,0.734,0.726,0.743,0.34,0.338,0.335,0.339,0.175,0.17,0.179,0.188,0.26,0.259,0.261,0.258,0.144,0.139,0.142,0.149
760.5666666666667,0.086,0.864,0.945,0.085,0.085,0.904,0.997,0.083,0.767,0.773,0.771,0.817,0.885,0.93,1.009,1.021,0.629,0.625,0.646,0.64,0.787,0.68,0.954,0.951,0.435,0.454,0.442,0.443,0.782,0.744,0.728,0.745,0.345,0.342,0.338,0.343,0.175,0.17,0.18,0.188,0.263,0.261,0.264,0.261,0.144,0.138,0.142,0.149
766.5666666666667,0.086,0.868,0.95,0.085,0.084,0.908,1.001,0.083,0.768,0.779,0.775,0.87,0.888,0.936,1.012,1.025,0.63,0.626,0.662,0.646,0.77,0.679,0.952,0.953,0.438,0.459,0.446,0.444,0.782,0.746,0.734,0.748,0.347,0.345,0.342,0.347,0.175,0.17,0.18,0.189,0.265,0.264,0.266,0.262,0.144,0.138,0.142,0.149
772.5666666666667,0.086,0.867,0.955,0.085,0.085,0.91,1.003,0.083,0.771,0.782,0.778,0.826,0.888,0.935,1.019,1.028,0.63,0.626,0.661,0.652,0.741,0.68,0.95,0.949,0.441,0.463,0.449,0.446,0.784,0.75,0.735,0.751,0.349,0.346,0.346,0.351,0.175,0.171,0.18,0.188,0.268,0.266,0.268,0.265,0.144,0.139,0.142,0.149
778.5666666666667,0.086,0.868,0.947,0.085,0.084,0.915,0.993,0.083,0.77,0.783,0.827,0.848,0.892,0.938,1.004,1.023,0.635,0.627,0.659,0.656,0.749,0.682,0.945,0.952,0.445,0.467,0.453,0.452,0.788,0.752,0.737,0.753,0.355,0.353,0.351,0.355,0.175,0.171,0.18,0.188,0.269,0.269,0.271,0.268,0.144,0.138,0.142,0.149
784.5666666666667,0.086,0.874,0.94,0.085,0.084,0.918,0.989,0.083,0.808,0.789,0.858,0.839,0.893,0.941,1.014,1.015,0.636,0.628,0.663,0.661,0.749,0.681,0.945,0.95,0.447,0.472,0.457,0.455,0.791,0.753,0.739,0.755,0.356,0.354,0.355,0.36,0.175,0.17,0.179,0.186,0.271,0.271,0.273,0.27,0.144,0.138,0.141,0.149
790.5666666666667,0.086,0.866,0.938,0.085,0.085,0.91,0.983,0.084,0.843,0.789,0.857,0.842,0.897,0.943,0.992,1.009,0.64,0.63,0.667,0.664,0.715,0.682,0.943,0.945,0.45,0.476,0.461,0.46,0.795,0.758,0.743,0.757,0.364,0.362,0.36,0.364,0.174,0.17,0.18,0.187,0.275,0.274,0.279,0.273,0.144,0.139,0.141,0.149
796.5666666666667,0.086,0.857,0.931,0.085,0.084,0.907,0.98,0.084,0.85,0.794,0.859,0.855,0.9,0.945,0.999,1.004,0.645,0.638,0.675,0.668,0.756,0.684,0.941,0.945,0.457,0.482,0.466,0.461,0.799,0.763,0.743,0.759,0.371,0.369,0.365,0.368,0.175,0.171,0.18,0.188,0.277,0.276,0.279,0.275,0.144,0.138,0.141,0.149
802.5666666666667,0.086,0.858,0.929,0.085,0.085,0.904,0.976,0.084,0.843,0.797,0.852,0.86,0.894,0.935,0.988,0.999,0.646,0.646,0.687,0.674,0.709,0.688,0.939,0.94,0.461,0.487,0.469,0.466,0.802,0.761,0.745,0.761,0.374,0.373,0.369,0.374,0.174,0.17,0.18,0.187,0.279,0.279,0.282,0.278,0.144,0.138,0.141,0.148
808.5666666666667,0.086,0.854,0.922,0.085,0.084,0.899,0.97,0.084,0.836,0.797,0.821,0.861,0.886,0.927,0.987,0.992,0.65,0.647,0.686,0.676,0.745,0.684,0.936,0.936,0.462,0.488,0.472,0.469,0.805,0.767,0.748,0.765,0.378,0.376,0.373,0.377,0.174,0.171,0.18,0.188,0.284,0.282,0.284,0.281,0.144,0.138,0.141,0.148
814.5666666666667,0.086,0.846,0.913,0.086,0.085,0.896,0.968,0.086,0.818,0.801,0.83,0.871,0.883,0.926,1.02,0.992,0.657,0.653,0.679,0.681,0.751,0.687,0.937,0.935,0.462,0.492,0.476,0.471,0.811,0.773,0.751,0.767,0.391,0.389,0.379,0.382,0.175,0.171,0.181,0.187,0.291,0.284,0.29,0.284,0.144,0.138,0.141,0.148
820.5666666666667,0.086,0.845,0.912,0.085,0.084,0.888,0.96,0.092,0.812,0.795,0.827,0.87,0.876,0.915,0.971,0.981,0.649,0.647,0.686,0.681,0.739,0.677,0.927,0.926,0.465,0.497,0.477,0.478,0.811,0.771,0.75,0.766,0.383,0.383,0.381,0.386,0.174,0.17,0.181,0.188,0.288,0.287,0.289,0.285,0.144,0.138,0.141,0.148
826.5666666666667,0.086,0.84,0.908,0.085,0.085,0.885,0.958,0.083,0.815,0.789,0.832,0.879,0.872,0.911,0.968,0.978,0.648,0.644,0.683,0.684,0.735,0.67,0.922,0.923,0.466,0.499,0.48,0.481,0.811,0.771,0.751,0.768,0.386,0.386,0.386,0.391,0.174,0.171,0.181,0.188,0.29,0.289,0.292,0.287,0.144,0.137,0.14,0.148
832.5666666666667,0.086,0.836,0.903,0.085,0.084,0.879,0.952,0.084,0.812,0.84,0.831,0.879,0.867,0.905,0.971,0.972,0.65,0.645,0.682,0.684,0.734,0.67,0.931,0.917,0.468,0.502,0.482,0.482,0.817,0.777,0.753,0.77,0.391,0.39,0.39,0.394,0.175,0.171,0.181,0.189,0.293,0.292,0.298,0.29,0.144,0.138,0.141,0.148
838.5666666666667,0.086,0.832,0.899,0.085,0.085,0.877,0.948,0.084,0.816,0.848,0.839,0.885,0.865,0.902,0.966,0.968,0.65,0.642,0.687,0.686,0.731,0.665,0.918,0.915,0.47,0.505,0.485,0.485,0.816,0.777,0.755,0.772,0.396,0.394,0.394,0.399,0.174,0.172,0.181,0.188,0.296,0.294,0.297,0.293,0.144,0.138,0.14,0.148
844.5666666666667,0.086,0.829,0.898,0.085,0.084,0.872,0.945,0.084,0.818,0.844,0.839,0.89,0.86,0.895,0.945,0.964,0.652,0.643,0.686,0.686,0.729,0.662,0.921,0.911,0.472,0.506,0.487,0.487,0.822,0.777,0.757,0.773,0.399,0.399,0.399,0.403,0.174,0.171,0.181,0.189,0.298,0.297,0.301,0.295,0.144,0.137,0.14,0.148
850.5666666666667,0.086,0.823,0.892,0.085,0.084,0.866,0.94,0.084,0.817,0.836,0.84,0.897,0.855,0.891,0.938,0.961,0.654,0.644,0.682,0.688,0.723,0.659,0.92,0.907,0.473,0.507,0.488,0.487,0.825,0.783,0.759,0.775,0.401,0.4,0.402,0.407,0.175,0.172,0.181,0.19,0.3,0.299,0.303,0.297,0.144,0.138,0.14,0.148
856.5666666666667,0.086,0.825,0.889,0.085,0.085,0.864,0.942,0.083,0.823,0.835,0.846,0.926,0.854,0.889,0.935,0.958,0.65,0.642,0.687,0.689,0.718,0.653,0.915,0.905,0.475,0.511,0.491,0.491,0.826,0.784,0.759,0.775,0.405,0.405,0.408,0.413,0.174,0.172,0.182,0.189,0.302,0.302,0.306,0.301,0.144,0.137,0.14,0.148
862.5666666666667,0.086,0.816,0.885,0.085,0.085,0.861,0.943,0.084,0.824,0.81,0.848,0.882,0.848,0.883,0.936,0.951,0.651,0.64,0.683,0.689,0.715,0.643,0.909,0.9,0.477,0.514,0.492,0.494,0.825,0.783,0.759,0.775,0.407,0.406,0.412,0.415,0.174,0.172,0.182,0.189,0.304,0.304,0.308,0.303,0.144,0.137,0.14,0.148
868.5666666666667,0.086,0.819,0.883,0.085,0.084,0.856,0.953,0.084,0.824,0.805,0.849,0.902,0.845,0.878,0.93,0.949,0.652,0.643,0.683,0.69,0.709,0.646,0.915,0.899,0.478,0.515,0.495,0.495,0.829,0.789,0.762,0.782,0.413,0.412,0.415,0.42,0.174,0.172,0.181,0.19,0.308,0.307,0.312,0.305,0.144,0.138,0.14,0.148
874.5666666666667,0.086,0.815,0.879,0.085,0.085,0.856,0.963,0.084,0.824,0.807,0.85,0.905,0.843,0.875,0.924,0.946,0.654,0.643,0.694,0.688,0.708,0.648,0.911,0.897,0.481,0.518,0.497,0.498,0.833,0.788,0.762,0.78,0.42,0.421,0.419,0.424,0.174,0.172,0.182,0.191,0.311,0.31,0.313,0.308,0.143,0.137,0.14,0.148
880.5666666666667,0.086,0.809,0.891,0.085,0.084,0.859,0.938,0.085,0.825,0.809,0.85,0.922,0.84,0.871,0.923,0.942,0.651,0.64,0.688,0.699,0.702,0.639,0.909,0.894,0.48,0.52,0.498,0.499,0.832,0.79,0.766,0.779,0.421,0.421,0.424,0.429,0.175,0.173,0.182,0.19,0.313,0.312,0.316,0.31,0.144,0.137,0.14,0.148
886.5666666666667,0.086,0.804,0.878,0.085,0.085,0.87,0.912,0.085,0.825,0.807,0.85,0.911,0.837,0.868,0.921,0.939,0.651,0.639,0.688,0.739,0.702,0.636,0.909,0.891,0.481,0.521,0.498,0.499,0.838,0.795,0.766,0.777,0.425,0.425,0.427,0.431,0.175,0.173,0.181,0.191,0.316,0.315,0.319,0.313,0.143,0.137,0.14,0.148
892.5666666666667,0.086,0.831,0.857,0.085,0.085,0.877,0.908,0.084,0.827,0.809,0.853,0.922,0.835,0.864,0.916,0.936,0.647,0.636,0.681,0.738,0.702,0.629,0.905,0.889,0.483,0.524,0.501,0.503,0.83,0.792,0.761,0.771,0.427,0.428,0.432,0.437,0.175,0.172,0.182,0.191,0.317,0.317,0.321,0.316,0.144,0.137,0.139,0.148
898.5666666666667,0.086,0.816,0.85,0.085,0.085,0.841,0.904,0.084,0.83,0.808,0.855,0.929,0.832,0.863,0.921,0.935,0.645,0.635,0.67,0.742,0.701,0.629,0.908,0.888,0.488,0.526,0.502,0.506,0.83,0.791,0.759,0.769,0.437,0.437,0.438,0.443,0.175,0.173,0.182,0.191,0.324,0.321,0.324,0.319,0.143,0.137,0.14,0.149
904.5666666666667,0.086,0.793,0.843,0.085,0.084,0.827,0.9,0.083,0.828,0.802,0.851,0.921,0.827,0.858,0.907,0.929,0.644,0.633,0.669,0.756,0.697,0.618,0.909,0.885,0.483,0.525,0.502,0.503,0.833,0.793,0.758,0.769,0.435,0.435,0.439,0.445,0.176,0.173,0.182,0.192,0.322,0.323,0.33,0.321,0.144,0.137,0.14,0.148
910.5666666666667,0.086,0.789,0.838,0.085,0.085,0.823,0.896,0.084,0.824,0.801,0.851,0.92,0.825,0.854,0.899,0.927,0.641,0.632,0.669,0.767,0.695,0.613,0.909,0.882,0.485,0.526,0.503,0.503,0.829,0.79,0.754,0.766,0.441,0.441,0.444,0.449,0.176,0.173,0.182,0.191,0.325,0.325,0.33,0.323,0.144,0.137,0.139,0.148
916.5666666666667,0.086,0.796,0.838,0.085,0.085,0.829,0.894,0.083,0.826,0.802,0.853,0.919,0.824,0.855,0.896,0.926,0.64,0.631,0.669,0.78,0.696,0.607,0.903,0.879,0.487,0.528,0.505,0.506,0.824,0.783,0.748,0.759,0.443,0.444,0.449,0.454,0.176,0.173,0.182,0.192,0.327,0.329,0.334,0.326,0.144,0.137,0.139,0.149
922.5666666666667,0.086,0.791,0.835,0.086,0.085,0.82,0.892,0.088,0.827,0.804,0.854,0.958,0.826,0.855,0.907,0.928,0.639,0.63,0.668,0.778,0.697,0.602,0.904,0.883,0.488,0.529,0.506,0.506,0.814,0.777,0.747,0.759,0.453,0.453,0.453,0.459,0.177,0.173,0.182,0.192,0.335,0.332,0.335,0.329,0.144,0.137,0.14,0.149
928.5666666666667,0.086,0.78,0.832,0.085,0.084,0.817,0.886,0.084,0.824,0.829,0.849,0.911,0.82,0.848,0.886,0.932,0.637,0.626,0.665,0.832,0.691,0.598,0.897,0.875,0.486,0.529,0.506,0.506,0.817,0.779,0.742,0.757,0.448,0.448,0.456,0.461,0.176,0.174,0.182,0.192,0.331,0.334,0.337,0.331,0.144,0.137,0.14,0.15
934.5666666666667,0.086,0.772,0.829,0.085,0.085,0.808,0.881,0.085,0.827,0.806,0.85,0.923,0.821,0.85,0.885,0.932,0.635,0.624,0.665,0.843,0.692,0.596,0.9,0.875,0.488,0.53,0.507,0.507,0.809,0.777,0.74,0.752,0.454,0.454,0.46,0.47,0.176,0.174,0.182,0.192,0.334,0.336,0.34,0.333,0.144,0.137,0.14,0.15
940.5666666666667,0.086,0.767,0.82,0.085,0.084,0.808,0.883,0.087,0.826,0.803,0.849,0.918,0.817,0.857,0.905,0.928,0.632,0.623,0.664,1.025,0.697,0.597,0.904,0.873,0.488,0.53,0.508,0.508,0.811,0.778,0.742,0.755,0.458,0.459,0.463,0.468,0.177,0.174,0.183,0.192,0.337,0.339,0.342,0.335,0.144,0.138,0.14,0.15
946.5666666666667,0.086,0.762,0.825,0.085,0.085,0.806,0.876,0.084,0.825,0.803,0.85,0.925,0.819,0.854,0.917,0.929,0.63,0.621,0.662,1.103,0.691,0.594,0.897,0.869,0.489,0.532,0.509,0.509,0.801,0.765,0.732,0.747,0.458,0.458,0.467,0.476,0.177,0.175,0.184,0.192,0.337,0.342,0.344,0.339,0.144,0.138,0.14,0.15
952.5666666666667,0.086,0.759,0.816,0.085,0.085,0.801,0.877,0.083,0.823,0.803,0.851,0.931,0.817,0.862,0.919,0.93,0.628,0.621,0.66,1.098,0.692,0.591,0.898,0.872,0.49,0.531,0.509,0.51,0.799,0.764,0.735,0.75,0.463,0.465,0.472,0.483,0.177,0.175,0.184,0.193,0.341,0.344,0.347,0.341,0.145,0.138,0.141,0.15
958.5666666666667,0.086,0.756,0.81,0.085,0.084,0.798,0.869,0.085,0.814,0.795,0.842,0.922,0.827,0.848,0.92,0.928,0.627,0.62,0.659,1.058,0.691,0.588,0.893,0.869,0.49,0.532,0.51,0.51,0.794,0.762,0.729,0.746,0.465,0.466,0.474,0.485,0.178,0.175,0.183,0.193,0.343,0.347,0.351,0.343,0.145,0.138,0.141,0.15
964.5666666666667,0.086,0.754,0.811,0.085,0.085,0.796,0.867,0.088,0.807,0.788,0.836,0.921,0.828,0.83,0.919,0.923,0.627,0.62,0.658,0.875,0.691,0.587,0.889,0.869,0.491,0.533,0.512,0.511,0.798,0.761,0.728,0.745,0.47,0.47,0.478,0.49,0.177,0.175,0.184,0.192,0.346,0.35,0.353,0.346,0.145,0.138,0.141,0.151
970.5666666666667,0.086,0.749,0.804,0.085,0.085,0.795,0.867,0.086,0.803,0.781,0.829,0.91,0.826,0.816,0.912,0.921,0.627,0.62,0.657,0.824,0.691,0.585,0.885,0.867,0.492,0.534,0.513,0.511,0.794,0.759,0.724,0.74,0.472,0.474,0.482,0.494,0.177,0.176,0.184,0.193,0.348,0.352,0.355,0.348,0.145,0.139,0.141,0.151
976.5666666666667,0.086,0.751,0.8,0.085,0.084,0.79,0.862,0.084,0.797,0.773,0.821,0.903,0.816,0.81,0.903,0.918,0.624,0.618,0.656,0.838,0.692,0.584,0.884,0.864,0.493,0.535,0.514,0.513,0.784,0.755,0.721,0.739,0.475,0.476,0.485,0.496,0.178,0.176,0.184,0.193,0.351,0.355,0.358,0.351,0.145,0.138,0.141,0.151
982.5666666666667,0.086,0.747,0.798,0.085,0.085,0.788,0.858,0.084,0.793,0.768,0.816,0.89,0.798,0.807,0.887,0.916,0.621,0.617,0.655,0.821,0.588,0.582,0.875,0.863,0.494,0.534,0.515,0.514,0.788,0.757,0.72,0.736,0.477,0.48,0.489,0.5,0.178,0.176,0.184,0.193,0.353,0.357,0.362,0.354,0.146,0.139,0.141,0.151
988.5666666666667,0.086,0.736,0.8,0.085,0.085,0.787,0.859,0.083,0.791,0.769,0.815,0.877,0.79,0.803,0.878,0.912,0.624,0.615,0.655,0.823,0.556,0.578,0.874,0.854,0.495,0.536,0.515,0.515,0.784,0.747,0.707,0.728,0.477,0.481,0.493,0.502,0.178,0.176,0.184,0.193,0.353,0.36,0.363,0.357,0.146,0.138,0.142,0.151
994.5666666666667,0.086,0.74,0.788,0.085,0.084,0.781,0.85,0.085,0.785,0.764,0.807,0.866,0.788,0.799,0.875,0.908,0.619,0.616,0.652,0.819,0.556,0.577,0.879,0.858,0.495,0.536,0.516,0.517,0.78,0.74,0.706,0.727,0.483,0.487,0.497,0.507,0.179,0.177,0.184,0.193,0.357,0.363,0.366,0.359,0.146,0.139,0.142,0.152
1000.5666666666667,0.086,0.739,0.788,0.085,0.085,0.781,0.845,0.088,0.79,0.779,0.812,0.875,0.782,0.795,0.872,0.908,0.62,0.618,0.653,0.824,0.554,0.576,0.876,0.854,0.498,0.538,0.518,0.517,0.79,0.746,0.697,0.718,0.487,0.489,0.502,0.512,0.178,0.177,0.185,0.194,0.361,0.365,0.372,0.362,0.146,0.14,0.142,0.152
1006.5666666666667,0.086,0.735,0.783,0.085,0.085,0.775,0.844,0.085,0.802,0.762,0.828,0.871,0.782,0.792,0.87,0.907,0.619,0.616,0.652,0.826,0.553,0.575,0.874,0.846,0.5,0.54,0.519,0.519,0.78,0.745,0.693,0.71,0.489,0.493,0.51,0.516,0.179,0.178,0.186,0.194,0.363,0.368,0.375,0.366,0.147,0.14,0.143,0.152
1012.5666666666667,0.086,0.728,0.78,0.085,0.085,0.775,0.841,0.084,0.793,0.731,0.82,0.824,0.78,0.79,0.869,0.902,0.619,0.616,0.653,0.827,0.552,0.573,0.868,0.837,0.501,0.54,0.519,0.52,0.779,0.744,0.69,0.708,0.491,0.495,0.508,0.518,0.179,0.177,0.185,0.193,0.365,0.37,0.377,0.367,0.147,0.14,0.142,0.152
1018.5666666666667,0.086,0.725,0.777,0.085,0.085,0.775,0.838,0.084,0.775,0.723,0.796,0.841,0.777,0.787,0.866,0.902,0.618,0.617,0.651,0.83,0.551,0.572,0.871,0.833,0.502,0.54,0.521,0.522,0.778,0.742,0.687,0.704,0.494,0.498,0.512,0.522,0.179,0.177,0.185,0.194,0.368,0.374,0.379,0.37,0.147,0.14,0.142,0.152
1024.5666666666666,0.087,0.727,0.781,0.086,0.087,0.774,0.834,0.086,0.749,0.716,0.772,0.849,0.778,0.785,0.866,0.898,0.615,0.614,0.65,0.834,0.557,0.569,0.87,0.841,0.503,0.541,0.523,0.523,0.782,0.753,0.697,0.704,0.504,0.508,0.522,0.529,0.179,0.179,0.185,0.194,0.378,0.378,0.388,0.373,0.148,0.141,0.143,0.152
1030.5666666666666,0.086,0.719,0.769,0.085,0.085,0.768,0.834,0.085,0.743,0.709,0.766,0.825,0.777,0.78,0.862,0.893,0.614,0.612,0.647,0.832,0.547,0.57,0.867,0.827,0.503,0.542,0.523,0.524,0.779,0.743,0.684,0.699,0.499,0.501,0.518,0.522,0.179,0.178,0.185,0.194,0.37,0.379,0.382,0.375,0.148,0.141,0.143,0.152
1036.5666666666666,0.086,0.717,0.769,0.085,0.084,0.762,0.829,0.084,0.74,0.7,0.757,0.811,0.771,0.778,0.86,0.892,0.614,0.631,0.646,0.835,0.547,0.569,0.868,0.823,0.506,0.543,0.524,0.525,0.772,0.732,0.683,0.697,0.503,0.504,0.522,0.53,0.18,0.178,0.185,0.195,0.374,0.382,0.386,0.377,0.147,0.141,0.143,0.153
1042.5666666666666,0.086,0.715,0.769,0.085,0.085,0.758,0.821,0.084,0.733,0.693,0.751,0.811,0.769,0.776,0.856,0.891,0.636,0.639,0.651,0.836,0.547,0.568,0.87,0.82,0.508,0.545,0.526,0.527,0.771,0.732,0.681,0.696,0.504,0.507,0.528,0.534,0.18,0.178,0.186,0.194,0.376,0.384,0.39,0.381,0.148,0.141,0.143,0.153
1048.5666666666666,0.086,0.711,0.765,0.085,0.084,0.758,0.822,0.084,0.724,0.687,0.747,0.808,0.768,0.772,0.854,0.887,0.639,0.638,0.67,0.838,0.544,0.567,0.862,0.818,0.509,0.546,0.527,0.529,0.773,0.734,0.676,0.69,0.507,0.509,0.529,0.533,0.179,0.178,0.186,0.194,0.376,0.387,0.391,0.383,0.148,0.141,0.144,0.153
1054.5666666666666,0.086,0.704,0.756,0.085,0.085,0.753,0.816,0.085,0.719,0.682,0.741,0.801,0.766,0.771,0.852,0.883,0.645,0.65,0.677,0.839,0.545,0.567,0.858,0.819,0.511,0.547,0.529,0.531,0.767,0.73,0.677,0.692,0.511,0.513,0.534,0.538,0.18,0.179,0.186,0.195,0.38,0.39,0.394,0.386,0.149,0.141,0.143,0.153
1060.5666666666666,0.086,0.707,0.763,0.085,0.085,0.751,0.817,0.084,0.713,0.677,0.736,0.799,0.765,0.773,0.855,0.888,0.646,0.647,0.678,0.844,0.543,0.565,0.862,0.818,0.514,0.55,0.531,0.532,0.769,0.736,0.679,0.699,0.512,0.514,0.54,0.546,0.18,0.18,0.186,0.195,0.384,0.397,0.401,0.389,0.149,0.142,0.144,0.154
1066.5666666666666,0.086,0.705,0.752,0.085,0.084,0.749,0.81,0.084,0.708,0.67,0.73,0.798,0.761,0.768,0.85,0.88,0.648,0.614,0.67,0.844,0.542,0.565,0.86,0.816,0.514,0.55,0.532,0.532,0.763,0.727,0.673,0.689,0.515,0.518,0.54,0.544,0.18,0.18,0.186,0.195,0.385,0.395,0.401,0.391,0.148,0.142,0.144,0.153
1072.5666666666666,0.086,0.7,0.752,0.085,0.085,0.741,0.806,0.084,0.7,0.664,0.724,0.793,0.759,0.764,0.848,0.881,0.648,0.623,0.672,0.846,0.541,0.563,0.859,0.814,0.516,0.551,0.533,0.534,0.758,0.721,0.671,0.686,0.517,0.519,0.543,0.549,0.18,0.179,0.186,0.194,0.388,0.398,0.405,0.393,0.149,0.142,0.144,0.153
1078.5666666666666,0.086,0.699,0.748,0.085,0.085,0.739,0.801,0.092,0.696,0.661,0.719,0.793,0.757,0.763,0.847,0.881,0.651,0.7,0.728,0.847,0.539,0.561,0.857,0.814,0.518,0.553,0.535,0.536,0.76,0.725,0.671,0.691,0.519,0.522,0.55,0.554,0.181,0.18,0.186,0.195,0.39,0.403,0.411,0.399,0.149,0.142,0.144,0.154
1084.5666666666666,0.086,0.695,0.748,0.085,0.085,0.74,0.804,0.083,0.691,0.654,0.714,0.787,0.756,0.76,0.847,0.876,0.653,0.709,0.733,0.849,0.536,0.56,0.855,0.811,0.518,0.553,0.537,0.537,0.756,0.718,0.667,0.683,0.521,0.524,0.549,0.552,0.181,0.18,0.186,0.196,0.391,0.403,0.407,0.398,0.149,0.142,0.144,0.154
1090.5666666666666,0.086,0.692,0.743,0.085,0.085,0.735,0.8,0.09,0.686,0.648,0.708,0.782,0.753,0.758,0.841,0.876,0.661,0.718,0.815,0.85,0.535,0.559,0.857,0.809,0.521,0.556,0.538,0.539,0.753,0.715,0.663,0.681,0.523,0.526,0.551,0.556,0.182,0.179,0.187,0.196,0.393,0.407,0.411,0.402,0.149,0.142,0.144,0.154
1096.5666666666666,0.086,0.691,0.737,0.085,0.084,0.733,0.794,0.085,0.682,0.645,0.702,0.782,0.75,0.755,0.84,0.871,0.69,0.673,0.736,0.852,0.535,0.558,0.858,0.808,0.523,0.557,0.54,0.541,0.753,0.718,0.662,0.683,0.526,0.529,0.554,0.56,0.181,0.18,0.187,0.195,0.396,0.409,0.414,0.405,0.149,0.142,0.144,0.154
1102.5666666666666,0.086,0.686,0.743,0.085,0.085,0.736,0.794,0.085,0.677,0.64,0.698,0.78,0.752,0.753,0.838,0.866,0.795,0.678,0.748,0.857,0.534,0.556,0.852,0.809,0.524,0.559,0.542,0.543,0.751,0.712,0.661,0.682,0.528,0.532,0.553,0.556,0.181,0.179,0.187,0.195,0.397,0.41,0.417,0.405,0.149,0.143,0.144,0.154
1108.5666666666666,0.086,0.687,0.737,0.085,0.085,0.731,0.793,0.083,0.672,0.635,0.692,0.781,0.75,0.75,0.836,0.869,0.814,0.681,0.75,0.853,0.531,0.554,0.85,0.807,0.527,0.561,0.544,0.545,0.748,0.708,0.658,0.68,0.53,0.534,0.559,0.563,0.182,0.18,0.186,0.195,0.4,0.414,0.419,0.408,0.149,0.143,0.144,0.154
1114.5666666666666,0.086,0.683,0.732,0.085,0.084,0.731,0.787,0.083,0.666,0.631,0.687,0.771,0.747,0.748,0.834,0.865,0.81,0.686,0.755,0.85,0.531,0.554,0.705,0.806,0.528,0.562,0.546,0.548,0.746,0.707,0.66,0.679,0.532,0.537,0.561,0.564,0.182,0.18,0.187,0.196,0.402,0.416,0.42,0.411,0.15,0.143,0.144,0.155
1120.5666666666666,0.086,0.68,0.727,0.085,0.085,0.725,0.782,0.088,0.661,0.629,0.682,0.764,0.746,0.749,0.836,0.867,0.797,0.689,0.756,0.848,0.532,0.554,0.706,0.806,0.531,0.564,0.549,0.549,0.749,0.713,0.664,0.683,0.536,0.54,0.568,0.572,0.183,0.181,0.187,0.196,0.406,0.42,0.424,0.416,0.15,0.143,0.145,0.154
1126.5666666666666,0.086,0.681,0.726,0.085,0.085,0.72,0.776,0.083,0.656,0.623,0.675,0.765,0.742,0.745,0.831,0.865,0.794,0.695,0.754,0.848,0.529,0.551,0.706,0.804,0.533,0.565,0.549,0.551,0.747,0.709,0.657,0.678,0.537,0.544,0.568,0.571,0.182,0.181,0.187,0.196,0.406,0.422,0.429,0.417,0.15,0.143,0.145,0.155
1132.5666666666666,0.086,0.674,0.732,0.085,0.084,0.726,0.784,0.083,0.652,0.621,0.673,0.765,0.744,0.745,0.832,0.863,0.798,0.692,0.754,0.849,0.527,0.55,0.705,0.801,0.535,0.568,0.55,0.552,0.742,0.705,0.652,0.674,0.54,0.547,0.569,0.57,0.183,0.18,0.187,0.195,0.407,0.423,0.427,0.419,0.15,0.143,0.144,0.154
1138.5666666666666,0.086,0.671,0.725,0.085,0.085,0.718,0.78,0.083,0.647,0.616,0.666,0.759,0.742,0.742,0.828,0.86,0.796,0.69,0.758,0.852,0.526,0.549,0.704,0.802,0.538,0.569,0.553,0.555,0.743,0.706,0.653,0.677,0.543,0.552,0.571,0.574,0.182,0.18,0.187,0.196,0.41,0.426,0.43,0.421,0.15,0.143,0.145,0.154
1144.5666666666666,0.086,0.678,0.727,0.086,0.086,0.723,0.776,0.091,0.643,0.613,0.664,0.76,0.74,0.744,0.832,0.865,0.816,0.689,0.77,0.863,0.53,0.551,0.707,0.803,0.542,0.571,0.557,0.557,0.739,0.707,0.651,0.674,0.546,0.555,0.583,0.589,0.183,0.183,0.188,0.195,0.413,0.435,0.441,0.429,0.151,0.144,0.145,0.155
1150.5666666666666,0.086,0.672,0.721,0.085,0.084,0.715,0.772,0.083,0.639,0.609,0.657,0.757,0.737,0.736,0.825,0.858,0.8,0.683,0.749,0.852,0.524,0.547,0.704,0.799,0.542,0.572,0.559,0.559,0.744,0.708,0.652,0.679,0.548,0.556,0.577,0.58,0.183,0.181,0.188,0.196,0.415,0.431,0.435,0.427,0.15,0.144,0.145,0.155
1156.5666666666666,0.086,0.671,0.715,0.085,0.085,0.713,0.769,0.083,0.634,0.605,0.655,0.752,0.736,0.736,0.826,0.863,0.807,0.692,0.733,0.845,0.522,0.546,0.701,0.8,0.543,0.575,0.559,0.561,0.74,0.701,0.648,0.675,0.552,0.557,0.58,0.582,0.183,0.181,0.188,0.196,0.417,0.434,0.438,0.43,0.151,0.144,0.145,0.155
1162.5666666666666,0.086,0.667,0.711,0.085,0.084,0.709,0.767,0.087,0.631,0.602,0.649,0.748,0.733,0.732,0.821,0.86,0.742,0.689,0.73,0.833,0.524,0.546,0.702,0.799,0.546,0.577,0.562,0.564,0.741,0.705,0.653,0.677,0.557,0.563,0.582,0.584,0.184,0.181,0.187,0.196,0.419,0.436,0.44,0.432,0.151,0.145,0.145,0.155
1168.5666666666666,0.086,0.667,0.712,0.085,0.085,0.711,0.761,0.083,0.627,0.6,0.645,0.747,0.73,0.731,0.819,0.848,0.742,0.676,0.726,0.822,0.522,0.545,0.7,0.797,0.548,0.579,0.563,0.565,0.741,0.702,0.651,0.676,0.56,0.563,0.584,0.586,0.184,0.181,0.188,0.196,0.421,0.438,0.442,0.435,0.151,0.144,0.145,0.155
1174.5666666666666,0.086,0.658,0.716,0.085,0.085,0.711,0.766,0.087,0.624,0.597,0.643,0.749,0.735,0.729,0.82,0.846,0.738,0.664,0.723,0.814,0.52,0.542,0.701,0.798,0.55,0.581,0.566,0.568,0.74,0.701,0.648,0.672,0.561,0.567,0.585,0.586,0.184,0.181,0.188,0.196,0.423,0.439,0.445,0.436,0.151,0.144,0.145,0.155
1180.5666666666666,0.086,0.663,0.71,0.085,0.085,0.702,0.758,0.089,0.619,0.595,0.637,0.745,0.728,0.727,0.815,0.845,0.733,0.663,0.72,0.811,0.52,0.542,0.699,0.795,0.552,0.583,0.57,0.57,0.739,0.701,0.649,0.675,0.563,0.57,0.588,0.589,0.184,0.181,0.187,0.196,0.425,0.443,0.447,0.439,0.151,0.144,0.145,0.155
1186.5666666666666,0.086,0.661,0.709,0.085,0.084,0.703,0.755,0.084,0.616,0.59,0.632,0.743,0.728,0.726,0.814,0.845,0.73,0.656,0.718,0.808,0.52,0.541,0.698,0.795,0.555,0.584,0.57,0.573,0.736,0.7,0.649,0.675,0.565,0.572,0.591,0.592,0.185,0.181,0.188,0.196,0.427,0.446,0.45,0.441,0.152,0.145,0.146,0.156
1192.5666666666666,0.086,0.655,0.703,0.085,0.085,0.705,0.757,0.083,0.614,0.589,0.633,0.738,0.726,0.724,0.811,0.841,0.728,0.653,0.715,0.807,0.519,0.541,0.699,0.795,0.555,0.584,0.572,0.576,0.737,0.7,0.648,0.675,0.568,0.574,0.591,0.592,0.184,0.181,0.188,0.196,0.429,0.447,0.453,0.443,0.151,0.144,0.145,0.156
1198.5666666666666,0.086,0.654,0.707,0.085,0.085,0.705,0.753,0.084,0.609,0.587,0.626,0.732,0.728,0.724,0.812,0.843,0.726,0.65,0.713,0.803,0.517,0.541,0.697,0.792,0.559,0.586,0.575,0.575,0.735,0.697,0.645,0.671,0.571,0.576,0.593,0.594,0.184,0.181,0.188,0.196,0.431,0.45,0.454,0.446,0.152,0.145,0.145,0.156
1204.5666666666666,0.086,0.656,0.701,0.085,0.085,0.694,0.748,0.083,0.607,0.583,0.624,0.734,0.724,0.721,0.809,0.847,0.724,0.647,0.714,0.8,0.517,0.54,0.698,0.792,0.561,0.589,0.577,0.577,0.736,0.695,0.645,0.672,0.575,0.58,0.598,0.598,0.185,0.182,0.188,0.196,0.433,0.453,0.457,0.45,0.152,0.145,0.146,0.156
1210.5666666666666,0.086,0.648,0.707,0.085,0.085,0.697,0.751,0.085,0.603,0.581,0.621,0.734,0.724,0.721,0.806,0.842,0.72,0.644,0.711,0.799,0.519,0.538,0.695,0.791,0.563,0.591,0.579,0.58,0.733,0.696,0.643,0.67,0.574,0.582,0.599,0.599,0.185,0.181,0.188,0.196,0.435,0.454,0.461,0.45,0.152,0.145,0.146,0.155
1216.5666666666666,0.086,0.649,0.699,0.085,0.085,0.693,0.748,0.085,0.601,0.577,0.614,0.731,0.72,0.719,0.807,0.842,0.718,0.641,0.707,0.795,0.519,0.539,0.695,0.79,0.567,0.595,0.582,0.582,0.736,0.695,0.646,0.671,0.578,0.584,0.602,0.601,0.185,0.181,0.189,0.197,0.437,0.457,0.462,0.454,0.152,0.146,0.145,0.156
1222.5666666666666,0.086,0.65,0.696,0.085,0.084,0.69,0.739,0.086,0.598,0.575,0.612,0.725,0.719,0.718,0.804,0.844,0.717,0.64,0.708,0.792,0.526,0.539,0.697,0.789,0.569,0.597,0.584,0.584,0.737,0.696,0.646,0.672,0.579,0.587,0.607,0.606,0.186,0.182,0.189,0.196,0.439,0.461,0.465,0.457,0.153,0.146,0.146,0.156
1228.5666666666666,0.086,0.649,0.69,0.085,0.085,0.688,0.739,0.085,0.594,0.573,0.61,0.722,0.717,0.714,0.793,0.845,0.714,0.639,0.705,0.789,0.524,0.536,0.695,0.789,0.571,0.599,0.586,0.586,0.736,0.695,0.645,0.671,0.58,0.587,0.607,0.606,0.186,0.181,0.189,0.196,0.442,0.462,0.467,0.459,0.153,0.146,0.146,0.156
1234.5666666666666,0.086,0.652,0.695,0.085,0.084,0.688,0.741,0.091,0.594,0.57,0.606,0.721,0.717,0.714,0.746,0.844,0.712,0.636,0.704,0.788,0.524,0.536,0.693,0.787,0.571,0.601,0.589,0.589,0.732,0.696,0.645,0.67,0.586,0.591,0.608,0.607,0.186,0.181,0.189,0.197,0.443,0.466,0.468,0.462,0.153,0.146,0.146,0.156
1240.5666666666666,0.086,0.643,0.691,0.085,0.084,0.687,0.735,0.086,0.59,0.569,0.604,0.719,0.716,0.71,0.74,0.837,0.709,0.633,0.699,0.785,0.528,0.535,0.693,0.788,0.575,0.602,0.59,0.59,0.734,0.693,0.643,0.669,0.585,0.592,0.609,0.609,0.186,0.181,0.189,0.197,0.445,0.466,0.469,0.463,0.153,0.146,0.147,0.156
1246.5666666666666,0.086,0.644,0.69,0.086,0.085,0.685,0.733,0.084,0.588,0.565,0.601,0.714,0.714,0.711,0.743,0.842,0.709,0.632,0.7,0.782,0.534,0.535,0.694,0.786,0.579,0.606,0.592,0.592,0.732,0.695,0.643,0.667,0.59,0.595,0.617,0.612,0.187,0.181,0.189,0.197,0.447,0.472,0.474,0.468,0.153,0.146,0.146,0.156
1252.5666666666666,0.086,0.645,0.689,0.085,0.085,0.684,0.735,0.083,0.585,0.562,0.597,0.713,0.715,0.708,0.739,0.837,0.707,0.631,0.698,0.779,0.534,0.533,0.693,0.786,0.579,0.607,0.592,0.594,0.734,0.695,0.642,0.668,0.589,0.596,0.615,0.613,0.186,0.181,0.19,0.196,0.45,0.471,0.474,0.468,0.153,0.146,0.146,0.156
1258.5666666666666,0.086,0.637,0.686,0.085,0.084,0.687,0.732,0.083,0.583,0.562,0.597,0.715,0.712,0.707,0.74,0.834,0.705,0.629,0.694,0.776,0.532,0.531,0.692,0.785,0.581,0.609,0.595,0.597,0.728,0.691,0.64,0.666,0.591,0.599,0.615,0.615,0.187,0.181,0.19,0.197,0.451,0.473,0.478,0.469,0.153,0.146,0.147,0.156
1264.5666666666666,0.086,0.641,0.683,0.085,0.085,0.685,0.732,0.083,0.58,0.56,0.593,0.711,0.712,0.707,0.737,0.841,0.703,0.625,0.692,0.775,0.532,0.53,0.692,0.786,0.585,0.611,0.598,0.599,0.728,0.688,0.637,0.666,0.594,0.601,0.616,0.617,0.188,0.18,0.19,0.197,0.453,0.475,0.48,0.471,0.153,0.147,0.146,0.157
1270.5666666666666,0.086,0.636,0.679,0.085,0.085,0.675,0.729,0.084,0.574,0.561,0.593,0.712,0.711,0.702,0.737,0.838,0.7,0.624,0.688,0.771,0.533,0.531,0.692,0.784,0.587,0.612,0.598,0.601,0.729,0.689,0.639,0.666,0.596,0.603,0.619,0.619,0.188,0.181,0.19,0.197,0.455,0.477,0.48,0.474,0.154,0.147,0.147,0.157
1276.5666666666666,0.086,0.638,0.685,0.085,0.085,0.679,0.729,0.085,0.574,0.557,0.588,0.711,0.71,0.706,0.737,0.852,0.699,0.623,0.69,0.77,0.533,0.53,0.692,0.782,0.592,0.616,0.601,0.602,0.731,0.693,0.639,0.665,0.599,0.606,0.624,0.621,0.188,0.181,0.19,0.197,0.457,0.482,0.484,0.478,0.154,0.147,0.146,0.157
1282.5666666666666,0.086,0.631,0.686,0.085,0.085,0.679,0.728,0.084,0.57,0.557,0.586,0.712,0.71,0.702,0.734,0.844,0.697,0.619,0.686,0.766,0.531,0.529,0.689,0.783,0.593,0.618,0.603,0.604,0.726,0.689,0.638,0.665,0.601,0.607,0.621,0.623,0.188,0.181,0.19,0.197,0.459,0.481,0.484,0.478,0.153,0.146,0.147,0.157
1288.5666666666666,0.086,0.634,0.684,0.085,0.085,0.672,0.727,0.088,0.569,0.553,0.584,0.707,0.708,0.703,0.735,0.845,0.695,0.617,0.685,0.764,0.533,0.528,0.689,0.782,0.596,0.622,0.606,0.607,0.728,0.689,0.638,0.665,0.603,0.611,0.625,0.625,0.187,0.181,0.191,0.197,0.462,0.484,0.486,0.481,0.154,0.147,0.147,0.157
1294.5666666666666,0.086,0.636,0.685,0.085,0.085,0.671,0.722,0.084,0.568,0.551,0.582,0.709,0.708,0.699,0.734,0.838,0.692,0.616,0.682,0.761,0.533,0.527,0.689,0.782,0.599,0.623,0.607,0.61,0.727,0.688,0.635,0.663,0.606,0.613,0.626,0.626,0.189,0.181,0.191,0.197,0.463,0.485,0.489,0.483,0.154,0.147,0.147,0.157
1300.5666666666666,0.086,0.633,0.688,0.086,0.086,0.679,0.726,0.084,0.566,0.55,0.579,0.705,0.71,0.698,0.733,0.829,0.691,0.616,0.681,0.759,0.535,0.527,0.69,0.78,0.599,0.624,0.611,0.612,0.726,0.686,0.635,0.664,0.608,0.615,0.63,0.629,0.189,0.181,0.191,0.197,0.466,0.492,0.492,0.488,0.154,0.148,0.147,0.157
1306.5666666666666,0.086,0.633,0.68,0.085,0.084,0.677,0.722,0.083,0.561,0.549,0.578,0.704,0.707,0.697,0.729,0.823,0.689,0.613,0.678,0.757,0.535,0.525,0.688,0.78,0.579,0.626,0.612,0.613,0.725,0.684,0.634,0.661,0.608,0.617,0.631,0.631,0.188,0.181,0.191,0.198,0.466,0.49,0.495,0.487,0.154,0.147,0.147,0.157
1312.5666666666666,0.086,0.632,0.678,0.085,0.085,0.67,0.719,0.088,0.56,0.545,0.575,0.703,0.703,0.696,0.73,0.826,0.689,0.613,0.679,0.755,0.537,0.526,0.688,0.779,0.581,0.63,0.612,0.618,0.728,0.687,0.636,0.662,0.611,0.62,0.634,0.635,0.189,0.181,0.191,0.197,0.468,0.492,0.495,0.49,0.155,0.148,0.147,0.158
1318.5666666666666,0.086,0.632,0.671,0.085,0.084,0.666,0.712,0.083,0.56,0.544,0.572,0.702,0.701,0.694,0.729,0.945,0.684,0.61,0.675,0.754,0.536,0.525,0.691,0.78,0.584,0.632,0.616,0.627,0.726,0.687,0.632,0.662,0.614,0.621,0.636,0.637,0.189,0.181,0.191,0.197,0.472,0.494,0.499,0.492,0.155,0.148,0.147,0.157
1324.5666666666666,0.086,0.629,0.672,0.085,0.085,0.667,0.717,0.084,0.557,0.544,0.572,0.699,0.702,0.694,0.729,0.874,0.684,0.609,0.673,0.752,0.536,0.523,0.689,0.779,0.586,0.634,0.617,0.632,0.723,0.684,0.632,0.659,0.616,0.624,0.637,0.639,0.189,0.181,0.191,0.197,0.471,0.495,0.499,0.493,0.155,0.148,0.148,0.158
1330.5666666666666,0.086,0.628,0.673,0.085,0.084,0.666,0.713,0.083,0.555,0.542,0.569,0.699,0.699,0.693,0.728,0.877,0.684,0.606,0.672,0.75,0.537,0.523,0.689,0.779,0.588,0.634,0.62,0.638,0.724,0.684,0.631,0.661,0.618,0.626,0.64,0.642,0.189,0.181,0.191,0.198,0.474,0.498,0.502,0.496,0.155,0.148,0.148,0.157
1336.5666666666666,0.086,0.628,0.673,0.085,0.085,0.667,0.713,0.085,0.555,0.54,0.567,0.699,0.701,0.692,0.727,0.879,0.68,0.605,0.67,0.747,0.537,0.523,0.687,0.778,0.59,0.636,0.622,0.64,0.72,0.683,0.629,0.659,0.621,0.628,0.642,0.644,0.189,0.179,0.192,0.199,0.476,0.5,0.506,0.497,0.155,0.148,0.148,0.158
1342.5666666666666,0.086,0.624,0.67,0.085,0.084,0.665,0.715,0.086,0.552,0.54,0.565,0.7,0.701,0.69,0.727,0.876,0.679,0.602,0.668,0.746,0.538,0.52,0.688,0.777,0.591,0.639,0.624,0.679,0.72,0.68,0.628,0.657,0.623,0.631,0.644,0.647,0.189,0.18,0.192,0.198,0.477,0.501,0.506,0.499,0.155,0.149,0.148,0.158
1348.5666666666666,0.086,0.62,0.671,0.085,0.085,0.664,0.713,0.084,0.551,0.538,0.565,0.695,0.7,0.689,0.736,0.876,0.677,0.602,0.666,0.745,0.537,0.52,0.687,0.777,0.595,0.642,0.627,0.686,0.719,0.68,0.627,0.657,0.627,0.634,0.646,0.65,0.189,0.18,0.191,0.198,0.48,0.503,0.51,0.501,0.155,0.149,0.148,0.158
1354.5666666666666,0.086,0.619,0.665,0.085,0.084,0.661,0.705,0.086,0.548,0.536,0.562,0.697,0.696,0.685,0.736,0.887,0.677,0.6,0.667,0.744,0.539,0.521,0.688,0.777,0.606,0.643,0.632,0.682,0.721,0.682,0.629,0.658,0.628,0.636,0.65,0.654,0.189,0.18,0.192,0.198,0.481,0.506,0.511,0.503,0.156,0.149,0.148,0.158
1360.5666666666666,0.086,0.625,0.674,0.085,0.085,0.662,0.708,0.084,0.549,0.535,0.561,0.698,0.696,0.689,0.737,0.89,0.675,0.598,0.664,0.741,0.537,0.519,0.687,0.776,0.612,0.644,0.643,0.685,0.721,0.681,0.627,0.657,0.63,0.638,0.652,0.658,0.189,0.18,0.192,0.198,0.483,0.507,0.511,0.505,0.155,0.149,0.148,0.158
1366.5666666666666,0.088,0.627,0.673,0.086,0.086,0.662,0.709,0.087,0.547,0.537,0.56,0.697,0.7,0.694,0.752,0.897,0.676,0.599,0.664,0.74,0.539,0.519,0.689,0.775,0.622,0.647,0.668,0.693,0.72,0.682,0.628,0.659,0.634,0.641,0.654,0.661,0.189,0.181,0.193,0.199,0.485,0.512,0.514,0.512,0.157,0.151,0.149,0.158
1372.5666666666666,0.086,0.618,0.67,0.085,0.085,0.621,0.708,0.087,0.544,0.533,0.557,0.695,0.697,0.684,0.741,0.896,0.672,0.595,0.661,0.738,0.538,0.518,0.687,0.774,0.626,0.649,0.688,0.693,0.716,0.677,0.626,0.656,0.635,0.644,0.656,0.664,0.189,0.18,0.192,0.199,0.487,0.511,0.515,0.508,0.156,0.149,0.148,0.158
1378.5666666666666,0.086,0.625,0.669,0.085,0.085,0.63,0.711,0.092,0.543,0.533,0.556,0.696,0.697,0.69,0.759,0.901,0.674,0.596,0.662,0.738,0.538,0.518,0.688,0.774,0.641,0.652,0.877,0.699,0.718,0.676,0.625,0.656,0.638,0.647,0.659,0.665,0.188,0.18,0.194,0.199,0.489,0.514,0.519,0.514,0.157,0.15,0.149,0.158
1384.5666666666666,0.086,0.616,0.667,0.085,0.085,0.624,0.708,0.084,0.543,0.531,0.557,0.691,0.695,0.683,0.745,0.892,0.669,0.591,0.659,0.733,0.537,0.516,0.686,0.772,0.635,0.651,0.705,0.698,0.715,0.673,0.622,0.653,0.64,0.649,0.661,0.668,0.189,0.181,0.192,0.199,0.49,0.515,0.52,0.511,0.156,0.149,0.148,0.158
1390.5666666666666,0.086,0.617,0.665,0.085,0.085,0.621,0.704,0.089,0.542,0.531,0.553,0.69,0.693,0.684,0.751,0.895,0.668,0.59,0.657,0.733,0.536,0.515,0.687,0.772,0.631,0.649,0.704,0.698,0.715,0.671,0.621,0.654,0.644,0.652,0.664,0.671,0.188,0.181,0.192,0.199,0.492,0.517,0.521,0.514,0.157,0.15,0.149,0.159
1396.5666666666666,0.086,0.577,0.665,0.085,0.085,0.621,0.703,0.085,0.54,0.53,0.54,0.695,0.694,0.684,0.743,0.891,0.667,0.589,0.657,0.732,0.535,0.515,0.687,0.772,0.629,0.649,0.703,0.693,0.711,0.672,0.617,0.651,0.645,0.654,0.667,0.674,0.189,0.182,0.192,0.2,0.494,0.518,0.523,0.516,0.156,0.149,0.149,0.158
1402.5666666666666,0.086,0.579,0.662,0.085,0.084,0.62,0.699,0.084,0.538,0.528,0.537,0.686,0.689,0.682,0.751,0.892,0.665,0.588,0.654,0.73,0.537,0.517,0.69,0.771,0.628,0.648,0.702,0.695,0.715,0.675,0.619,0.65,0.647,0.656,0.669,0.676,0.189,0.181,0.193,0.2,0.495,0.521,0.525,0.518,0.157,0.15,0.149,0.159
1408.5666666666666,0.086,0.579,0.663,0.085,0.085,0.622,0.7,0.087,0.539,0.528,0.533,0.686,0.689,0.678,0.769,0.893,0.665,0.587,0.656,0.728,0.536,0.515,0.69,0.771,0.627,0.647,0.701,0.688,0.708,0.668,0.617,0.647,0.65,0.659,0.672,0.68,0.188,0.182,0.192,0.2,0.498,0.522,0.528,0.518,0.157,0.15,0.149,0.159
1414.5666666666666,0.086,0.586,0.66,0.087,0.087,0.626,0.699,0.088,0.537,0.527,0.537,0.689,0.671,0.684,0.767,0.897,0.665,0.588,0.654,0.728,0.544,0.519,0.7,0.773,0.628,0.646,0.701,0.689,0.715,0.676,0.625,0.654,0.653,0.662,0.674,0.683,0.189,0.183,0.194,0.2,0.499,0.525,0.53,0.526,0.158,0.151,0.149,0.159
1420.5666666666666,0.086,0.577,0.654,0.085,0.084,0.614,0.699,0.084,0.534,0.524,0.532,0.685,0.65,0.68,0.793,0.891,0.664,0.585,0.652,0.727,0.539,0.515,0.693,0.772,0.627,0.643,0.701,0.68,0.714,0.671,0.618,0.65,0.656,0.665,0.678,0.684,0.189,0.182,0.193,0.2,0.501,0.527,0.533,0.524,0.157,0.15,0.15,0.159
1426.5666666666666,0.086,0.578,0.66,0.085,0.085,0.614,0.697,0.085,0.534,0.524,0.531,0.683,0.649,0.673,0.79,0.908,0.662,0.582,0.649,0.725,0.538,0.515,0.693,0.77,0.626,0.634,0.699,0.678,0.711,0.67,0.615,0.647,0.659,0.667,0.681,0.688,0.189,0.181,0.193,0.199,0.503,0.529,0.532,0.525,0.157,0.15,0.149,0.159
1432.5666666666666,0.086,0.572,0.66,0.085,0.085,0.617,0.697,0.083,0.533,0.523,0.532,0.683,0.652,0.678,0.824,0.895,0.661,0.582,0.651,0.723,0.536,0.516,0.691,0.77,0.625,0.632,0.699,0.677,0.705,0.665,0.612,0.647,0.662,0.67,0.684,0.692,0.189,0.182,0.193,0.2,0.504,0.53,0.534,0.527,0.157,0.15,0.149,0.159
1438.5666666666666,0.086,0.576,0.661,0.085,0.085,0.616,0.698,0.085,0.532,0.524,0.528,0.683,0.654,0.672,0.857,0.896,0.659,0.582,0.646,0.721,0.536,0.517,0.691,0.771,0.624,0.631,0.698,0.678,0.706,0.666,0.613,0.647,0.664,0.672,0.687,0.695,0.189,0.182,0.192,0.2,0.507,0.531,0.536,0.529,0.157,0.15,0.15,0.16
1444.5666666666666,0.086,0.565,0.655,0.085,0.084,0.611,0.689,0.084,0.531,0.521,0.527,0.68,0.643,0.672,1.012,0.893,0.657,0.578,0.645,0.721,0.537,0.517,0.693,0.773,0.622,0.629,0.696,0.677,0.709,0.667,0.615,0.645,0.666,0.676,0.69,0.697,0.189,0.182,0.193,0.2,0.507,0.534,0.537,0.531,0.158,0.15,0.15,0.159
1450.5666666666666,0.086,0.571,0.657,0.085,0.085,0.616,0.694,0.085,0.53,0.522,0.53,0.683,0.652,0.672,1.019,0.9,0.658,0.578,0.649,0.719,0.535,0.517,0.691,0.773,0.622,0.63,0.697,0.676,0.702,0.661,0.61,0.643,0.669,0.678,0.694,0.699,0.19,0.182,0.193,0.201,0.51,0.536,0.54,0.532,0.158,0.15,0.15,0.159
1456.5666666666666,0.086,0.577,0.663,0.086,0.085,0.617,0.697,0.086,0.529,0.521,0.527,0.682,0.65,0.672,1.014,0.903,0.658,0.578,0.647,0.719,0.535,0.519,0.691,0.772,0.622,0.632,0.695,0.675,0.707,0.664,0.611,0.645,0.674,0.683,0.697,0.704,0.19,0.182,0.193,0.2,0.512,0.537,0.542,0.534,0.158,0.15,0.15,0.16
1462.5666666666666,0.086,0.57,0.657,0.085,0.084,0.606,0.687,0.085,0.527,0.52,0.524,0.683,0.643,0.666,1.01,0.9,0.654,0.576,0.644,0.718,0.535,0.518,0.69,0.771,0.621,0.629,0.694,0.673,0.71,0.667,0.613,0.645,0.676,0.686,0.701,0.708,0.19,0.183,0.193,0.201,0.513,0.539,0.545,0.536,0.158,0.151,0.15,0.16
1468.5666666666666,0.087,0.574,0.653,0.085,0.086,0.617,0.696,0.09,0.528,0.521,0.526,0.694,0.646,0.676,1.012,0.904,0.657,0.579,0.644,0.718,0.537,0.52,0.696,0.771,0.621,0.63,0.693,0.671,0.71,0.669,0.615,0.649,0.677,0.688,0.704,0.711,0.189,0.182,0.194,0.201,0.515,0.542,0.547,0.537,0.159,0.151,0.151,0.16
1474.5666666666666,0.086,0.574,0.655,0.085,0.084,0.611,0.689,0.085,0.526,0.519,0.522,0.696,0.646,0.668,1.012,0.898,0.655,0.576,0.643,0.715,0.532,0.515,0.691,0.77,0.626,0.63,0.692,0.671,0.709,0.666,0.61,0.643,0.666,0.69,0.706,0.713,0.189,0.182,0.193,0.202,0.516,0.543,0.547,0.54,0.158,0.15,0.15,0.16
1480.5666666666666,0.086,0.57,0.655,0.085,0.085,0.612,0.688,0.085,0.526,0.52,0.524,0.697,0.645,0.666,1.014,0.9,0.654,0.575,0.642,0.715,0.531,0.515,0.692,0.77,0.619,0.629,0.691,0.67,0.698,0.66,0.609,0.64,0.669,0.694,0.709,0.715,0.19,0.183,0.193,0.202,0.518,0.545,0.549,0.541,0.158,0.15,0.15,0.16
1486.5666666666666,0.086,0.57,0.653,0.085,0.084,0.609,0.683,0.085,0.523,0.516,0.52,0.698,0.641,0.666,1.009,0.906,0.653,0.573,0.64,0.714,0.532,0.514,0.692,0.768,0.617,0.626,0.69,0.668,0.705,0.661,0.609,0.641,0.672,0.697,0.713,0.719,0.19,0.183,0.193,0.201,0.52,0.546,0.552,0.543,0.157,0.15,0.15,0.16
1492.5666666666666,0.086,0.57,0.648,0.085,0.085,0.605,0.684,0.084,0.524,0.516,0.521,0.696,0.64,0.669,1.006,0.906,0.654,0.572,0.64,0.712,0.532,0.515,0.694,0.769,0.616,0.627,0.69,0.668,0.705,0.663,0.61,0.642,0.676,0.7,0.716,0.721,0.19,0.182,0.194,0.202,0.522,0.548,0.553,0.546,0.158,0.151,0.151,0.16
1498.5666666666666,0.086,0.571,0.653,0.085,0.085,0.61,0.684,0.087,0.524,0.517,0.519,0.692,0.641,0.662,1.008,0.92,0.654,0.573,0.639,0.712,0.532,0.516,0.695,0.768,0.615,0.625,0.689,0.667,0.703,0.66,0.608,0.639,0.679,0.703,0.719,0.726,0.19,0.182,0.194,0.202,0.524,0.551,0.555,0.547,0.159,0.151,0.151,0.16
1504.5666666666666,0.086,0.571,0.652,0.085,0.085,0.611,0.685,0.083,0.524,0.516,0.519,0.694,0.642,0.665,1.013,0.931,0.652,0.57,0.638,0.71,0.529,0.514,0.696,0.767,0.615,0.626,0.688,0.665,0.699,0.658,0.608,0.641,0.682,0.706,0.723,0.728,0.19,0.183,0.193,0.203,0.525,0.552,0.557,0.548,0.158,0.151,0.151,0.161
1510.5666666666666,0.086,0.571,0.65,0.085,0.084,0.608,0.686,0.084,0.523,0.513,0.517,0.699,0.636,0.665,1.006,0.935,0.653,0.569,0.636,0.71,0.532,0.516,0.697,0.768,0.614,0.625,0.688,0.665,0.702,0.66,0.606,0.64,0.684,0.708,0.727,0.732,0.192,0.183,0.194,0.203,0.527,0.553,0.559,0.551,0.158,0.152,0.151,0.161
1516.5666666666666,0.086,0.57,0.653,0.085,0.085,0.61,0.687,0.084,0.523,0.514,0.516,0.694,0.64,0.662,1.009,0.954,0.653,0.57,0.635,0.71,0.53,0.514,0.696,0.766,0.613,0.624,0.687,0.664,0.698,0.659,0.604,0.639,0.687,0.711,0.729,0.736,0.191,0.183,0.194,0.203,0.527,0.556,0.56,0.552,0.158,0.151,0.151,0.161
1522.5666666666666,0.086,0.568,0.653,0.085,0.085,0.603,0.689,0.084,0.521,0.513,0.516,0.698,0.638,0.659,1.006,0.958,0.651,0.568,0.636,0.708,0.532,0.514,0.697,0.767,0.612,0.624,0.686,0.662,0.698,0.656,0.604,0.638,0.69,0.714,0.732,0.736,0.191,0.183,0.194,0.203,0.53,0.558,0.563,0.555,0.158,0.151,0.151,0.16
1528.5666666666666,0.086,0.565,0.649,0.085,0.084,0.606,0.691,0.084,0.52,0.512,0.514,0.697,0.638,0.664,1.009,0.961,0.65,0.568,0.634,0.708,0.533,0.511,0.697,0.766,0.611,0.624,0.684,0.66,0.696,0.653,0.602,0.635,0.692,0.717,0.736,0.738,0.191,0.183,0.195,0.203,0.531,0.56,0.565,0.557,0.158,0.151,0.151,0.161
1534.5666666666666,0.086,0.563,0.648,0.086,0.087,0.611,0.709,0.087,0.52,0.511,0.514,0.518,0.637,0.66,1.007,0.967,0.65,0.568,0.633,0.707,0.534,0.509,0.702,0.763,0.611,0.622,0.683,0.66,0.706,0.668,0.612,0.643,0.698,0.701,0.74,0.744,0.192,0.183,0.194,0.204,0.535,0.562,0.566,0.559,0.161,0.153,0.152,0.161
1540.5666666666666,0.086,0.565,0.652,0.085,0.085,0.602,0.691,0.087,0.476,0.484,0.513,0.49,0.637,0.655,1.009,0.97,0.648,0.565,0.632,0.706,0.533,0.511,0.7,0.766,0.611,0.623,0.683,0.659,0.7,0.658,0.603,0.637,0.701,0.702,0.744,0.747,0.192,0.184,0.195,0.204,0.534,0.564,0.569,0.56,0.159,0.151,0.151,0.161
1546.5666666666666,0.086,0.568,0.649,0.085,0.085,0.606,0.694,0.083,0.475,0.485,0.512,0.49,0.637,0.656,1.01,0.973,0.65,0.564,0.632,0.705,0.535,0.511,0.7,0.766,0.61,0.622,0.683,0.659,0.696,0.654,0.601,0.637,0.703,0.706,0.747,0.75,0.191,0.184,0.195,0.204,0.536,0.566,0.569,0.561,0.159,0.152,0.152,0.161
1552.5666666666666,0.086,0.561,0.65,0.085,0.085,0.61,0.696,0.085,0.474,0.484,0.512,0.491,0.636,0.662,1.009,0.981,0.647,0.562,0.632,0.705,0.535,0.51,0.747,0.764,0.608,0.622,0.681,0.657,0.694,0.653,0.599,0.634,0.705,0.709,0.75,0.753,0.193,0.184,0.195,0.205,0.538,0.567,0.571,0.564,0.159,0.152,0.152,0.161
1558.5666666666666,0.086,0.554,0.647,0.085,0.085,0.611,0.703,0.085,0.474,0.483,0.511,0.491,0.635,0.662,1.016,0.977,0.652,0.563,0.631,0.705,0.538,0.511,0.776,0.765,0.608,0.622,0.681,0.656,0.694,0.654,0.598,0.63,0.707,0.704,0.753,0.756,0.191,0.184,0.196,0.206,0.54,0.569,0.574,0.565,0.159,0.152,0.151,0.161
1564.5666666666666,0.086,0.568,0.651,0.085,0.085,0.607,0.708,0.084,0.473,0.482,0.51,0.488,0.635,0.654,1.007,0.985,0.651,0.561,0.629,0.706,0.538,0.509,0.78,0.764,0.608,0.623,0.68,0.656,0.696,0.654,0.599,0.635,0.712,0.709,0.757,0.759,0.192,0.184,0.197,0.207,0.541,0.57,0.576,0.568,0.159,0.152,0.152,0.162
1570.5666666666666,0.086,0.564,0.649,0.085,0.084,0.607,0.706,0.084,0.473,0.481,0.511,0.488,0.635,0.66,1.011,0.982,0.654,0.56,0.629,0.704,0.536,0.506,0.779,0.761,0.606,0.621,0.679,0.653,0.691,0.647,0.596,0.63,0.715,0.712,0.76,0.762,0.192,0.184,0.197,0.208,0.544,0.574,0.579,0.57,0.159,0.152,0.152,0.162
1576.5666666666666,0.086,0.563,0.645,0.085,0.084,0.607,0.706,0.085,0.471,0.481,0.507,0.486,0.63,0.651,1.002,0.981,0.653,0.561,0.627,0.703,0.542,0.508,0.778,0.764,0.607,0.621,0.678,0.654,0.694,0.654,0.597,0.633,0.718,0.716,0.764,0.765,0.192,0.184,0.197,0.208,0.544,0.574,0.581,0.571,0.159,0.152,0.152,0.162
1582.5666666666666,0.086,0.555,0.647,0.085,0.084,0.603,0.707,0.083,0.471,0.481,0.509,0.489,0.634,0.657,1.003,0.981,0.654,0.559,0.628,0.702,0.543,0.507,0.78,0.762,0.605,0.62,0.678,0.651,0.689,0.647,0.597,0.63,0.721,0.717,0.769,0.768,0.193,0.184,0.197,0.208,0.545,0.577,0.581,0.573,0.159,0.152,0.152,0.162
1588.5666666666666,0.086,0.558,0.651,0.085,0.084,0.61,0.707,0.084,0.472,0.48,0.508,0.489,0.634,0.654,1.006,0.98,0.653,0.559,0.628,0.702,0.543,0.507,0.779,0.763,0.603,0.62,0.676,0.65,0.688,0.646,0.594,0.628,0.724,0.72,0.772,0.772,0.193,0.185,0.198,0.21,0.548,0.578,0.583,0.575,0.16,0.153,0.152,0.162
1594.5666666666666,0.086,0.564,0.648,0.085,0.084,0.602,0.708,0.084,0.47,0.479,0.505,0.486,0.632,0.648,1.001,0.982,0.654,0.558,0.625,0.702,0.544,0.506,0.779,0.761,0.603,0.618,0.676,0.651,0.69,0.647,0.595,0.63,0.726,0.724,0.775,0.775,0.193,0.185,0.198,0.211,0.548,0.58,0.585,0.576,0.16,0.153,0.152,0.162
1600.5666666666666,0.086,0.551,0.643,0.085,0.085,0.605,0.704,0.085,0.47,0.479,0.506,0.487,0.633,0.661,1.003,0.978,0.654,0.558,0.627,0.701,0.544,0.508,0.781,0.763,0.602,0.619,0.675,0.65,0.686,0.645,0.591,0.625,0.728,0.729,0.779,0.779,0.193,0.185,0.2,0.213,0.551,0.582,0.586,0.579,0.16,0.153,0.152,0.162
1606.5666666666666,0.086,0.559,0.643,0.085,0.085,0.599,0.721,0.084,0.468,0.477,0.505,0.485,0.623,0.651,1.011,0.984,0.653,0.557,0.626,0.703,0.546,0.51,0.781,0.765,0.603,0.619,0.676,0.65,0.692,0.651,0.597,0.632,0.733,0.728,0.783,0.782,0.194,0.185,0.201,0.213,0.553,0.583,0.588,0.581,0.16,0.153,0.153,0.163
1612.5666666666666,0.086,0.561,0.65,0.085,0.084,0.606,0.718,0.085,0.468,0.478,0.504,0.485,0.628,0.646,1.005,0.98,0.65,0.557,0.625,0.701,0.544,0.507,0.778,0.761,0.602,0.619,0.673,0.648,0.689,0.649,0.593,0.63,0.736,0.731,0.787,0.784,0.193,0.185,0.201,0.215,0.554,0.585,0.59,0.582,0.16,0.153,0.153,0.163
1618.5666666666666,0.086,0.553,0.646,0.085,0.084,0.611,0.709,0.083,0.469,0.476,0.503,0.485,0.626,0.661,1.007,0.976,0.651,0.556,0.623,0.701,0.547,0.509,0.78,0.762,0.599,0.617,0.672,0.647,0.685,0.643,0.59,0.623,0.738,0.734,0.786,0.783,0.194,0.185,0.203,0.216,0.555,0.586,0.592,0.584,0.16,0.153,0.152,0.163
1624.5666666666666,0.086,0.551,0.647,0.085,0.085,0.612,0.711,0.084,0.468,0.476,0.504,0.486,0.626,0.661,1.01,0.977,0.651,0.556,0.623,0.701,0.545,0.509,0.781,0.759,0.599,0.617,0.673,0.647,0.683,0.645,0.587,0.622,0.738,0.735,0.785,0.782,0.194,0.186,0.203,0.218,0.557,0.589,0.594,0.586,0.161,0.153,0.152,0.163
1630.5666666666666,0.086,0.56,0.649,0.085,0.086,0.604,0.737,0.089,0.468,0.476,0.503,0.485,0.626,0.65,1.037,0.985,0.652,0.555,0.624,0.7,0.545,0.51,0.782,0.761,0.6,0.616,0.672,0.646,0.689,0.645,0.592,0.628,0.738,0.735,0.784,0.782,0.194,0.187,0.205,0.22,0.56,0.591,0.596,0.587,0.161,0.154,0.153,0.163
1636.5666666666666,0.086,0.56,0.644,0.085,0.084,0.598,0.735,0.084,0.467,0.476,0.502,0.483,0.623,0.644,1.034,0.98,0.652,0.554,0.622,0.699,0.545,0.511,0.78,0.761,0.599,0.615,0.672,0.644,0.689,0.647,0.592,0.627,0.736,0.732,0.782,0.782,0.194,0.186,0.206,0.221,0.561,0.592,0.597,0.59,0.161,0.154,0.153,0.163
1642.5666666666666,0.086,0.562,0.645,0.085,0.085,0.603,0.731,0.085,0.467,0.476,0.502,0.484,0.622,0.643,1.036,0.983,0.651,0.555,0.622,0.699,0.541,0.511,0.779,0.759,0.597,0.613,0.669,0.643,0.686,0.645,0.59,0.626,0.735,0.731,0.783,0.78,0.195,0.186,0.207,0.224,0.561,0.594,0.6,0.591,0.162,0.154,0.153,0.164
1648.5666666666666,0.086,0.56,0.646,0.085,0.085,0.605,0.73,0.085,0.465,0.475,0.501,0.483,0.621,0.643,1.035,0.981,0.652,0.552,0.621,0.699,0.543,0.513,0.778,0.761,0.596,0.613,0.669,0.643,0.687,0.645,0.59,0.626,0.734,0.729,0.783,0.78,0.195,0.186,0.209,0.225,0.563,0.596,0.602,0.593,0.161,0.154,0.153,0.163
1654.5666666666666,0.089,0.569,0.651,0.086,0.086,0.611,0.742,0.091,0.465,0.475,0.501,0.485,0.625,0.65,1.049,0.985,0.651,0.553,0.622,0.699,0.548,0.514,0.78,0.761,0.597,0.615,0.668,0.642,0.686,0.645,0.592,0.627,0.734,0.73,0.784,0.78,0.196,0.188,0.211,0.227,0.565,0.598,0.603,0.595,0.162,0.154,0.154,0.164
1660.5666666666666,0.086,0.556,0.647,0.085,0.085,0.605,0.737,0.087,0.466,0.475,0.499,0.483,0.624,0.644,1.042,0.983,0.651,0.553,0.62,0.697,0.548,0.513,0.778,0.758,0.595,0.613,0.667,0.641,0.685,0.645,0.589,0.625,0.733,0.729,0.783,0.779,0.197,0.187,0.212,0.229,0.567,0.599,0.605,0.597,0.162,0.155,0.154,0.164
1666.5666666666666,0.086,0.555,0.645,0.085,0.084,0.6,0.755,0.083,0.466,0.474,0.501,0.483,0.623,0.644,1.042,0.981,0.652,0.552,0.62,0.697,0.549,0.513,0.78,0.757,0.595,0.612,0.665,0.64,0.685,0.641,0.586,0.624,0.733,0.728,0.782,0.778,0.197,0.188,0.213,0.231,0.568,0.601,0.607,0.599,0.161,0.154,0.153,0.164
1672.5666666666666,0.086,0.558,0.647,0.085,0.085,0.605,0.758,0.085,0.466,0.475,0.499,0.482,0.621,0.642,1.042,0.987,0.651,0.552,0.618,0.697,0.549,0.513,0.78,0.758,0.593,0.611,0.666,0.639,0.683,0.642,0.588,0.624,0.733,0.727,0.783,0.778,0.198,0.189,0.215,0.234,0.57,0.603,0.61,0.6,0.162,0.155,0.154,0.164
1678.5666666666666,0.086,0.549,0.644,0.085,0.085,0.605,0.753,0.084,0.465,0.473,0.498,0.482,0.621,0.641,1.035,0.985,0.651,0.551,0.62,0.699,0.549,0.514,0.783,0.757,0.593,0.609,0.665,0.638,0.679,0.638,0.584,0.619,0.732,0.727,0.781,0.777,0.198,0.189,0.217,0.237,0.572,0.605,0.611,0.603,0.162,0.156,0.154,0.164
1684.5666666666666,0.089,0.561,0.647,0.086,0.087,0.604,0.78,0.091,0.465,0.474,0.499,0.482,0.621,0.652,1.047,1.005,0.651,0.552,0.62,0.697,0.555,0.517,0.787,0.756,0.593,0.61,0.664,0.638,0.692,0.651,0.596,0.63,0.734,0.727,0.782,0.778,0.2,0.189,0.219,0.241,0.575,0.608,0.613,0.604,0.162,0.156,0.155,0.165
1690.5666666666666,0.086,0.559,0.647,0.085,0.084,0.606,0.77,0.088,0.465,0.477,0.498,0.481,0.618,0.641,1.019,1.002,0.652,0.552,0.618,0.697,0.548,0.515,0.78,0.757,0.592,0.609,0.663,0.637,0.683,0.64,0.584,0.621,0.731,0.726,0.782,0.777,0.201,0.19,0.222,0.243,0.575,0.608,0.615,0.607,0.163,0.156,0.154,0.165
1696.5666666666666,0.086,0.558,0.645,0.085,0.085,0.607,0.764,0.086,0.464,0.477,0.498,0.482,0.62,0.641,1.019,1.004,0.652,0.55,0.619,0.697,0.548,0.514,0.779,0.758,0.591,0.609,0.664,0.636,0.679,0.638,0.582,0.621,0.731,0.726,0.78,0.777,0.201,0.19,0.224,0.246,0.577,0.61,0.617,0.607,0.163,0.156,0.154,0.165
1702.5666666666666,0.086,0.555,0.638,0.085,0.084,0.604,0.767,0.084,0.465,0.479,0.496,0.48,0.615,0.643,1.012,1.008,0.649,0.549,0.616,0.697,0.548,0.515,0.781,0.756,0.591,0.606,0.661,0.636,0.682,0.641,0.583,0.62,0.731,0.727,0.778,0.776,0.202,0.191,0.226,0.251,0.579,0.613,0.619,0.61,0.164,0.156,0.155,0.165
1708.5666666666666,0.086,0.556,0.64,0.085,0.084,0.601,0.789,0.084,0.466,0.478,0.497,0.48,0.616,0.647,1.015,1.007,0.652,0.554,0.616,0.696,0.549,0.514,0.781,0.756,0.591,0.606,0.661,0.634,0.679,0.638,0.583,0.618,0.73,0.728,0.779,0.775,0.204,0.193,0.23,0.255,0.58,0.615,0.62,0.611,0.163,0.156,0.155,0.166
1714.5666666666666,0.086,0.558,0.64,0.085,0.084,0.603,0.802,0.084,0.467,0.477,0.496,0.48,0.614,0.653,1.015,1.008,0.651,0.554,0.617,0.683,0.55,0.515,0.781,0.756,0.591,0.606,0.66,0.634,0.679,0.642,0.582,0.621,0.729,0.728,0.778,0.775,0.206,0.194,0.232,0.261,0.581,0.616,0.622,0.613,0.163,0.157,0.155,0.166
1720.5666666666666,0.086,0.56,0.64,0.085,0.085,0.605,0.803,0.083,0.466,0.478,0.496,0.48,0.612,0.656,1.025,1.009,0.65,0.555,0.617,0.687,0.548,0.515,0.782,0.756,0.589,0.606,0.66,0.634,0.679,0.64,0.582,0.619,0.729,0.728,0.777,0.774,0.208,0.195,0.237,0.265,0.583,0.619,0.624,0.615,0.164,0.158,0.156,0.166
1726.5666666666666,0.086,0.549,0.642,0.085,0.085,0.608,0.792,0.083,0.467,0.477,0.496,0.48,0.618,0.659,1.029,1.003,0.652,0.559,0.617,0.696,0.548,0.515,0.785,0.756,0.589,0.605,0.66,0.633,0.677,0.634,0.578,0.614,0.729,0.728,0.777,0.773,0.21,0.197,0.239,0.268,0.585,0.621,0.627,0.618,0.164,0.158,0.155,0.166
1732.5666666666666,0.086,0.546,0.64,0.085,0.085,0.603,0.88,0.083,0.465,0.477,0.494,0.479,0.613,0.667,1.025,0.998,0.649,0.559,0.616,0.706,0.55,0.516,0.787,0.755,0.587,0.604,0.658,0.632,0.677,0.635,0.578,0.615,0.727,0.725,0.776,0.771,0.211,0.198,0.243,0.272,0.586,0.622,0.628,0.62,0.165,0.158,0.156,0.167
1738.5666666666666,0.086,0.559,0.641,0.085,0.084,0.6,0.941,0.084,0.465,0.477,0.496,0.479,0.613,0.683,1.048,1.02,0.65,0.559,0.616,0.724,0.547,0.515,0.782,0.756,0.588,0.606,0.659,0.631,0.679,0.639,0.581,0.62,0.729,0.728,0.777,0.773,0.213,0.2,0.247,0.28,0.587,0.625,0.63,0.621,0.165,0.159,0.157,0.168
1744.5666666666666,0.089,0.56,0.65,0.086,0.086,0.608,1.037,0.092,0.466,0.478,0.496,0.48,0.613,0.708,1.053,1.042,0.655,0.561,0.619,0.73,0.553,0.518,0.789,0.754,0.589,0.606,0.66,0.63,0.681,0.639,0.586,0.62,0.729,0.728,0.779,0.772,0.216,0.202,0.252,0.286,0.591,0.626,0.632,0.624,0.166,0.16,0.157,0.168
1750.5666666666666,0.086,0.557,0.647,0.085,0.085,0.607,1.003,0.088,0.466,0.477,0.495,0.479,0.611,0.784,1.051,1.056,0.651,0.562,0.618,0.738,0.547,0.517,0.783,0.755,0.589,0.606,0.658,0.63,0.678,0.637,0.579,0.616,0.728,0.727,0.778,0.772,0.217,0.203,0.257,0.289,0.591,0.627,0.635,0.625,0.165,0.161,0.157,0.169
1756.5666666666666,0.086,0.554,0.644,0.085,0.085,0.607,1.006,0.084,0.467,0.477,0.495,0.48,0.611,0.808,1.05,1.046,0.653,0.561,0.617,0.739,0.548,0.515,0.782,0.755,0.593,0.607,0.657,0.63,0.674,0.635,0.577,0.615,0.728,0.725,0.777,0.771,0.219,0.204,0.262,0.295,0.593,0.629,0.638,0.628,0.166,0.161,0.158,0.169
1762.5666666666666,0.086,0.555,0.646,0.085,0.085,0.605,1.023,0.086,0.466,0.477,0.495,0.48,0.609,0.849,1.051,1.049,0.654,0.56,0.618,0.741,0.546,0.515,0.78,0.753,0.599,0.606,0.658,0.629,0.677,0.635,0.578,0.616,0.727,0.726,0.775,0.769,0.221,0.206,0.266,0.301,0.595,0.632,0.64,0.629,0.167,0.163,0.158,0.17
1768.5666666666666,0.086,0.553,0.644,0.085,0.085,0.602,1.022,0.084,0.467,0.475,0.494,0.481,0.608,0.887,1.049,1.048,0.655,0.56,0.618,0.749,0.545,0.515,0.782,0.754,0.609,0.605,0.656,0.628,0.673,0.634,0.577,0.614,0.727,0.724,0.774,0.769,0.223,0.208,0.271,0.308,0.596,0.634,0.642,0.632,0.168,0.164,0.159,0.171
1774.5666666666666,0.086,0.562,0.651,0.085,0.085,0.605,1.034,0.085,0.467,0.473,0.494,0.48,0.609,0.924,1.055,1.052,0.652,0.561,0.617,0.76,0.547,0.517,0.781,0.752,0.613,0.605,0.656,0.628,0.677,0.634,0.578,0.616,0.727,0.723,0.775,0.769,0.225,0.21,0.277,0.313,0.599,0.635,0.643,0.633,0.168,0.165,0.16,0.173
1780.5666666666666,0.086,0.556,0.645,0.085,0.085,0.6,1.028,0.084,0.468,0.473,0.494,0.479,0.609,0.96,1.051,1.048,0.654,0.561,0.617,0.784,0.545,0.515,0.78,0.753,0.616,0.603,0.656,0.626,0.674,0.633,0.575,0.613,0.725,0.722,0.774,0.768,0.228,0.212,0.282,0.321,0.601,0.638,0.645,0.637,0.169,0.167,0.161,0.174
1786.5666666666666,0.086,0.56,0.653,0.085,0.085,0.601,1.046,0.086,0.471,0.473,0.493,0.479,0.661,0.971,1.052,1.051,0.653,0.561,0.617,0.802,0.545,0.516,0.782,0.754,0.618,0.604,0.656,0.626,0.676,0.635,0.575,0.614,0.726,0.722,0.773,0.767,0.231,0.214,0.287,0.327,0.603,0.64,0.647,0.638,0.17,0.167,0.162,0.175
1792.5666666666666,0.089,0.558,0.673,0.086,0.087,0.604,1.095,0.094,0.472,0.473,0.493,0.479,0.959,1.0,1.047,1.051,0.658,0.562,0.618,0.811,0.549,0.517,0.784,0.75,0.617,0.604,0.654,0.627,0.684,0.641,0.585,0.622,0.726,0.723,0.774,0.767,0.233,0.216,0.291,0.337,0.605,0.642,0.651,0.64,0.171,0.169,0.163,0.177
